Rk,Player,Pos,Age,Tm,G,GS,MP,FG,FGA,FG%,3P,3PA,3P%,2P,2PA,2P%,eFG%,FT,FTA,FT%,ORB,DRB,TRB,AST,STL,BLK,TOV,PF,PTS
1,Precious Achiuwa,PF,21,MIA,25,2,15,2.5,4.3,0.589,0,0,,2.5,4.3,0.589,0.589,1.4,2.5,0.54,1.4,2.7,4.1,0.7,0.4,0.6,1,1.9,6.4
2,Jaylen Adams,PG,24,MIL,5,0,3.2,0.2,1.6,0.125,0,0.4,0,0.2,1.2,0.167,0.125,0,0,,0,0.6,0.6,0.4,0,0,0,0.2,0.4
3,Steven Adams,C,27,NOP,23,23,29.4,3.6,6,0.59,0,0,0,3.6,6,0.594,0.59,1.1,2.4,0.473,4.3,5,9.3,2.4,1,0.6,1.8,2,8.3
4,Bam Adebayo,C,23,MIA,23,23,33.3,7.1,12.5,0.568,0.1,0.2,0.4,7,12.3,0.571,0.571,5.4,6.4,0.85,1.9,7.4,9.3,5.2,1,1,3.1,2.6,19.7
5,LaMarcus Aldridge,C,35,SAS,18,18,26.7,5.9,12.5,0.476,1.3,3.7,0.358,4.6,8.8,0.525,0.529,0.9,1.2,0.762,0.8,3.5,4.3,1.9,0.4,0.9,0.9,1.5,14.1
6,Ty-Shon Alexander,SG,22,PHO,3,0,2.7,0,1,0,0,0.3,0,0,0.7,0,0,0,0,,0,0.3,0.3,0.3,0,0,0,0.3,0
7,Nickeil Alexander-Walker,SG,22,NOP,21,3,20.4,3.5,8.8,0.397,1.1,4.1,0.267,2.4,4.7,0.51,0.459,1.2,1.5,0.781,0.2,2.6,2.8,2.1,1.2,0.4,1.4,1.8,9.2
8,Grayson Allen,SG,25,MEM,15,4,22,2.5,6.7,0.38,1.9,4.9,0.384,0.7,1.8,0.37,0.52,2,2.3,0.882,0.5,2.4,2.9,1.9,1,0.2,1.1,1.2,8.9
9,Jarrett Allen,C,22,TOT,25,8,26.1,4.2,6.2,0.667,0,0.1,0.333,4.1,6.1,0.673,0.67,3.4,4.4,0.782,2.8,6,8.9,1.6,0.4,1.7,1.4,1.6,11.8
9,Jarrett Allen,C,22,BRK,12,5,26.7,3.7,5.4,0.677,0,0,,3.7,5.4,0.677,0.677,3.8,5.1,0.754,3.2,7.3,10.4,1.7,0.6,1.6,1.8,1.8,11.2
9,Jarrett Allen,C,22,CLE,13,3,25.6,4.6,7,0.659,0.1,0.2,0.333,4.5,6.8,0.67,0.665,3.1,3.8,0.816,2.5,4.9,7.5,1.5,0.3,1.8,1,1.5,12.4
10,Al-Farouq Aminu,PF,30,ORL,1,0,5,0,0,,0,0,,0,0,,,0,2,0,0,1,1,1,0,0,1,0,0
11,Kyle Anderson,PF,27,MEM,20,20,28.2,5,10.9,0.456,1.7,4.5,0.371,3.3,6.4,0.516,0.532,1.9,2.4,0.771,1,5.4,6.4,3.8,0.7,0.8,1.6,1.7,13.4
12,Giannis Antetokounmpo,PF,26,MIL,24,24,33.1,10.3,18.3,0.562,1.1,4.1,0.276,9.1,14.2,0.644,0.592,6.5,10.2,0.633,1.7,9.4,11.1,5.5,1,1.2,3.6,3,28.1
13,Kostas Antetokounmpo,PF,23,LAL,1,0,8,0,2,0,0,0,,0,2,0,0,0,0,,0,4,4,0,0,2,2,1,0
14,Thanasis Antetokounmpo,SF,28,MIL,16,0,9.3,1.1,1.6,0.654,0.1,0.4,0.286,0.9,1.2,0.789,0.692,0.3,0.4,0.571,0.8,1.1,1.9,0.9,0.3,0.2,0.9,1.6,2.5
15,Carmelo Anthony,PF,36,POR,23,3,25.4,4.4,11.3,0.392,1.7,4.3,0.39,2.7,7,0.394,0.467,2.5,2.9,0.864,0.4,3,3.5,1.2,0.8,0.8,0.9,2,13
16,Cole Anthony,PG,20,ORL,25,17,26.7,4,10.8,0.375,1.1,3.3,0.325,3,7.4,0.398,0.426,1.8,2.2,0.836,0.8,3.6,4.4,3.8,0.7,0.4,2,2,11
17,OG Anunoby,SF,23,TOR,17,17,34.8,5.1,10.4,0.486,2.5,5.7,0.433,2.6,4.7,0.55,0.605,2.1,2.8,0.745,1.6,4.2,5.8,1.6,2.1,0.5,1.8,2.9,14.6
18,Ryan Arcidiacono,PG,26,CHI,8,0,11.4,1,2.5,0.4,0.8,1.6,0.462,0.3,0.9,0.286,0.55,0.5,0.6,0.8,0.1,2,2.1,1.8,0.4,0,0.3,1.1,3.3
19,D.J. Augustin,PG,33,MIL,24,0,17.2,1.8,5.2,0.352,1.3,3.3,0.392,0.5,1.9,0.283,0.476,1.1,1.1,0.963,0.4,0.8,1.3,2.7,0.5,0,0.9,0.6,6
20,Deni Avdija,SF,20,WAS,18,16,22.9,2.7,5.9,0.449,1.3,3.3,0.383,1.4,2.6,0.532,0.556,0.4,0.7,0.538,0.5,4.1,4.6,1.8,0.9,0.2,0.7,2.6,7
21,Deandre Ayton,C,22,PHO,24,24,32.3,6.1,10.7,0.574,0.1,0.6,0.214,6,10.1,0.595,0.58,1.8,2.4,0.724,3.9,8.7,12.6,1.9,0.3,1.1,2.2,3.4,14.1
22,Udoka Azubuike,C,21,UTA,12,0,4.1,0.3,0.6,0.571,0,0,,0.3,0.6,0.571,0.571,0.3,0.5,0.667,0.3,0.8,1.1,0,0.1,0.3,0.3,0.7,1
23,Dwayne Bacon,SG,25,ORL,26,17,24.3,4,9.7,0.41,1,2.7,0.391,2.9,7,0.418,0.464,1.3,1.7,0.75,0.4,2.7,3.2,1,0.7,0.1,0.7,1.7,10.2
24,Marvin Bagley III,PF,21,SAC,24,24,25.1,5,10.7,0.473,1,2.8,0.373,4,7.9,0.508,0.521,1.4,2.8,0.493,2.1,5.3,7.4,0.9,0.5,0.5,1.5,2.6,12.5
25,LaMelo Ball,PG,19,CHO,26,6,27,5.3,12,0.438,1.8,4.9,0.359,3.5,7.1,0.492,0.511,2,2.6,0.791,1.5,4.3,5.8,6.1,1.4,0.3,2.5,2.5,14.3
26,Lonzo Ball,PG,23,NOP,21,21,30.7,5.1,12.1,0.424,2.8,7.4,0.374,2.4,4.8,0.5,0.537,0.8,1.1,0.739,0.6,3.8,4.4,4.7,1.3,0.5,2,2.3,13.9
27,Mo Bamba,C,22,ORL,10,0,6.6,2.3,3.7,0.622,0.3,1,0.3,2,2.7,0.741,0.662,0.3,0.5,0.6,1.1,1.9,3,0.4,0.1,0.6,0.3,1.2,5.2
28,Desmond Bane,SG,22,MEM,20,2,22.8,3.8,7.8,0.484,2.1,4.3,0.482,1.7,3.5,0.486,0.616,0.7,0.9,0.824,0.5,2.2,2.7,1.6,0.7,0.2,1.2,1.9,10.3
29,Harrison Barnes,PF,28,SAC,24,24,35.8,5.6,11.4,0.491,1.8,4.4,0.41,3.8,7,0.542,0.57,3.8,4.4,0.857,1.2,5.3,6.5,3.5,0.8,0.2,1.4,1.2,16.7
30,RJ Barrett,SG,20,NYK,26,26,34.8,6.5,15,0.432,1,3.6,0.287,5.5,11.4,0.478,0.467,3,4.1,0.736,1.2,5.2,6.4,3,0.7,0.2,2,2.5,17
31,Will Barton,SF,30,DEN,24,20,29.5,4.4,10.1,0.434,1.6,4,0.396,2.8,6.1,0.459,0.512,1.4,1.8,0.75,0.5,3.2,3.7,3.1,0.8,0.5,1.5,1.9,11.7
32,Keita Bates-Diop,SF,25,SAS,7,0,2.7,0,1,0,0,0.3,0,0,0.7,0,0,0.3,0.3,1,0.1,0.1,0.3,0.3,0.1,0,0,0,0.3
33,Nicolas Batum,SF,32,LAC,25,25,29.8,3.5,7,0.494,2.2,4.8,0.462,1.3,2.3,0.561,0.651,1,1.1,0.857,1,4,5,2.4,1.3,0.3,0.7,1.8,10.1
34,Aron Baynes,C,34,TOR,23,23,18.7,2.4,5.9,0.404,0.5,2.3,0.231,1.9,3.7,0.512,0.449,0.3,0.3,0.875,1.4,4,5.5,1,0.3,0.3,0.8,2.5,5.6
35,Kent Bazemore,SF,31,GSW,24,0,15.4,2.2,4.3,0.505,0.9,2,0.429,1.3,2.3,0.574,0.607,0.8,1,0.826,0.5,2.5,3,1.6,0.8,0.5,1,2.2,6
36,Darius Bazley,PF,20,OKC,24,24,31,4.4,11.3,0.391,1.4,5.1,0.279,3,6.2,0.483,0.454,1.6,2.2,0.75,0.6,7,7.6,1.6,0.4,0.8,1.9,1.1,11.9
37,Bradley Beal,SG,27,WAS,21,21,35.3,11.5,24.5,0.468,2.5,7.4,0.333,9,17.1,0.526,0.518,7.4,8.3,0.891,1.5,3.5,5,4.5,1.3,0.6,3,2.6,32.8
38,Malik Beasley,SG,24,MIN,25,25,32,7.5,16.7,0.45,3.2,8.2,0.383,4.4,8.5,0.514,0.544,2.4,2.8,0.855,1,4.2,5.2,2.5,0.8,0.2,1.5,1.6,20.6
39,Jordan Bell,C,26,WAS,3,1,16.7,1.7,5,0.333,0,0.7,0,1.7,4.3,0.385,0.333,0,0,,1.7,3.7,5.3,1.7,0.3,1,1,1.3,3.3
40,DeAndre' Bembry,SF,26,TOR,17,0,13,1.6,2.6,0.6,0.4,0.7,0.583,1.2,1.9,0.606,0.678,0.2,0.2,0.75,0.5,1.1,1.5,1.6,0.6,0.3,0.6,1.2,3.8
41,DÄvis BertÄns,PF,28,WAS,19,2,25.1,3.1,8.9,0.341,2.6,7.9,0.331,0.4,1,0.421,0.488,1.5,1.9,0.806,0.4,2.3,2.7,0.9,0.7,0.3,0.7,2.5,10.3
42,Patrick Beverley,PG,32,LAC,17,17,25.2,2.6,6.4,0.404,1.7,4.2,0.408,0.9,2.2,0.395,0.537,1.1,1.4,0.783,1.2,3.2,4.4,2.1,0.9,0.8,0.7,3.5,7.9
43,Saddiq Bey,SF,21,DET,23,7,18.8,2.5,6.6,0.375,1.7,4.4,0.376,0.8,2.2,0.373,0.5,1.3,1.7,0.789,0.3,2.8,3.1,0.7,0.4,0,0.7,1.3,7.9
44,Tyler Bey,SF,22,DAL,4,0,3.3,0.5,1.3,0.4,0,0,,0.5,1.3,0.4,0.4,0.5,1,0.5,0.5,0.3,0.8,0,0,0.3,0,0.5,1.5
45,Khem Birch,C,28,ORL,26,0,21.3,2.5,4.9,0.504,0.1,0.4,0.2,2.4,4.5,0.53,0.512,1.8,2.3,0.767,2.8,3.3,6.1,1.3,0.7,0.7,0.6,1.7,6.8
46,Goga Bitadze,C,21,IND,12,0,10.2,1.8,3.2,0.579,0.2,1,0.167,1.7,2.2,0.769,0.605,0.8,1,0.75,0.8,1.7,2.4,0.3,0.3,1.2,0.3,1.8,4.6
47,Bismack Biyombo,C,28,CHO,24,16,22.3,2.6,4.6,0.564,0,0,0,2.6,4.5,0.569,0.564,0.8,1.8,0.455,2.3,3.7,6,1.3,0.3,1.2,0.9,2.3,6
48,Nemanja Bjelica,PF,32,SAC,10,0,15.1,2.1,5.1,0.412,0.5,2.1,0.238,1.6,3,0.533,0.461,1.9,2.3,0.826,1,2.6,3.6,1.9,0,0.2,1.2,2,6.6
49,Eric Bledsoe,SG,31,NOP,23,22,29.1,4.8,11,0.437,2.2,5.5,0.402,2.6,5.5,0.472,0.537,1.3,2,0.652,0.5,3,3.5,3.7,0.7,0.3,1.9,1.5,13.2
50,Keljin Blevins,SF,25,POR,8,0,4.8,0.1,1.1,0.111,0,0.4,0,0.1,0.8,0.167,0.111,0,0,,0,0,0,0.5,0.3,0,0.4,0.5,0.3
51,Bogdan BogdanoviÄ‡,SG,28,ATL,9,2,23.7,3.3,8.7,0.385,2.3,6.4,0.362,1,2.2,0.45,0.519,0.9,1,0.889,0.2,3.6,3.8,2.1,0.4,0.1,1.2,2,9.9
52,Bojan BogdanoviÄ‡,SF,31,UTA,25,25,30.8,5.2,12.2,0.425,2.8,6.8,0.415,2.4,5.4,0.437,0.541,2.7,3.1,0.859,0.5,3.5,4,2.2,0.4,0,1.4,1.5,15.9
53,Bol Bol,PF,21,DEN,12,2,5.4,0.6,1.3,0.438,0.2,0.5,0.333,0.4,0.8,0.5,0.5,0.1,0.2,0.5,0,0.8,0.8,0.2,0.1,0.3,0.4,0.6,1.4
54,Marques Bolden,C,22,CLE,6,0,4.8,0.2,0.5,0.333,0,0,,0.2,0.5,0.333,0.333,0.8,1.3,0.625,0.5,0.5,1,0,0.3,0.3,0.3,0,1.2
55,Jordan Bone,PG,23,ORL,14,0,14,1.6,3.9,0.426,0.7,2.3,0.313,0.9,1.6,0.591,0.519,0,0,,0.3,1.4,1.7,1.3,0.1,0,0.2,0.8,4
56,Isaac Bonga,SF,21,WAS,16,7,14,0.9,2.2,0.4,0.6,1.4,0.409,0.3,0.8,0.385,0.529,0.1,0.2,0.667,0.5,1.9,2.4,0.6,0.3,0.3,0.4,1.6,2.4
57,Devin Booker,SG,24,PHO,20,20,35.3,8.7,18,0.481,2.2,6.1,0.355,6.5,12,0.544,0.54,4.4,5.3,0.821,0.2,3.5,3.7,4.2,1,0.4,3.9,3.3,23.8
58,Chris Boucher,C,28,TOR,26,0,23.3,4.9,9.2,0.534,1.6,3.6,0.441,3.3,5.6,0.593,0.62,2.5,3.4,0.739,2,4.9,6.9,1,0.5,2,0.7,2.7,13.8
59,Brian Bowen,SF,22,IND,1,0,5,1,2,0.5,0,0,,1,2,0.5,0.5,1,1,1,0,1,1,0,0,0,0,0,3
60,Avery Bradley,SG,30,MIA,10,1,21.1,3.1,6.6,0.47,1.6,3.8,0.421,1.5,2.8,0.536,0.591,0.7,0.9,0.778,0.2,1.6,1.8,1.4,0.7,0.1,0.9,2.6,8.5
61,Tony Bradley,C,23,PHI,9,1,12.8,2,3.9,0.514,0,0.1,0,2,3.8,0.529,0.514,0.3,0.6,0.6,2.3,3.2,5.6,0.7,0.3,0.7,0.1,1.2,4.3
62,Jarrell Brantley,PF,24,UTA,6,0,3,0.5,1.2,0.429,0.5,0.8,0.6,0,0.3,0,0.643,0,0,,0.2,0.3,0.5,0,0,0.2,0.2,0.7,1.5
63,Ignas Brazdeikis,SF,22,NYK,4,0,1.8,0,0.3,0,0,0,,0,0.3,0,0,0.5,0.5,1,0.3,0.3,0.5,0.3,0,0,0.3,0,0.5
64,Mikal Bridges,SF,24,PHO,24,24,33.6,5.2,10.3,0.506,2,5,0.397,3.2,5.3,0.611,0.603,2,2.5,0.817,1.5,4,5.5,2.2,0.6,1,0.8,2,14.5
65,Miles Bridges,PF,22,CHO,26,1,26.2,3.8,8.2,0.469,1.3,3.6,0.376,2.5,4.6,0.542,0.552,1,1.1,0.929,1.2,4.4,5.6,2,0.7,0.8,1.7,2.3,10
66,Malcolm Brogdon,PG,28,IND,26,26,35.7,8,18.2,0.441,2.6,6.8,0.386,5.4,11.5,0.473,0.513,2.6,2.9,0.893,0.6,3.7,4.2,6.5,1.3,0.2,2,1.8,21.3
67,Dillon Brooks,SF,25,MEM,20,20,29.1,6,15.5,0.387,2,6.4,0.307,4.1,9.2,0.443,0.45,1.6,2.1,0.762,1.3,2.3,3.6,2.8,1.3,0.5,2.2,3,15.6
68,Bruce Brown,PG,24,BRK,23,10,18.5,2.7,4.7,0.57,0.2,0.9,0.19,2.5,3.7,0.663,0.589,0.7,1,0.708,1.2,3.3,4.5,1,0.6,0.3,0.9,1.9,6.2
69,Jaylen Brown,SG,24,BOS,22,22,33.2,9.9,19.4,0.512,2.4,5.8,0.414,7.5,13.5,0.554,0.574,3.8,4.9,0.776,1.2,4.4,5.6,3.7,1.3,0.6,2.6,2.9,26
70,Moses Brown,C,21,OKC,7,0,4.4,1,1.4,0.7,0,0,,1,1.4,0.7,0.7,1,2,0.5,0.6,1.6,2.1,0.4,0.1,0.6,0.1,0.6,3
71,Sterling Brown,SG,25,HOU,23,1,20.8,2.8,6.1,0.457,1.5,3.7,0.412,1.3,2.4,0.527,0.582,0.3,0.3,1,0.8,3,3.8,1.8,1,0.2,0.6,1.9,7.4
72,Troy Brown Jr.,SF,21,WAS,11,0,16.2,1.7,4.8,0.358,0.8,2.7,0.3,0.9,2.1,0.435,0.443,0.5,0.9,0.5,0.7,2.7,3.5,1.1,0.2,0.2,0.7,1.9,4.7
73,Jalen Brunson,PG,24,DAL,22,6,23.7,4.3,8.3,0.514,1.1,2.8,0.393,3.2,5.5,0.574,0.579,2,2.2,0.898,0.2,2.9,3.1,3.5,0.4,0,1.3,1.5,11.6
74,Thomas Bryant,C,23,WAS,10,10,27.1,5.9,9.1,0.648,0.9,2.1,0.429,5,7,0.714,0.698,1.6,2.4,0.667,1.8,4.3,6.1,1.5,0.4,0.8,1.1,3.1,14.3
75,Reggie Bullock,SF,29,NYK,21,21,27.1,3.3,8,0.408,1.8,4.7,0.374,1.5,3.3,0.457,0.518,0.5,0.7,0.786,0.3,3.3,3.6,1.3,0.8,0.2,0.8,2.4,8.9
76,Trey Burke,PG,28,DAL,25,0,18,3.1,7,0.443,1.4,3.5,0.391,1.7,3.5,0.494,0.54,0.9,1.1,0.852,0.2,1,1.2,1.6,0.8,0.1,0.6,1.6,8.4
77,Alec Burks,SG,29,NYK,14,3,26.1,4.2,10,0.421,2.4,5.2,0.452,1.9,4.8,0.388,0.539,2.4,2.9,0.805,0.6,3.9,4.6,2.3,0.9,0.4,1.2,2.1,13.1
78,Jimmy Butler,SF,31,MIA,13,13,32.1,5.9,13.5,0.44,0.2,1.4,0.111,5.8,12.1,0.478,0.446,7.5,8.6,0.866,1.6,5.5,7.2,7.1,1.8,0.5,1.9,0.9,19.5
79,Bruno Caboclo,PF,25,HOU,6,0,6,1.3,2.8,0.471,0,0.8,0,1.3,2,0.667,0.471,0.2,0.3,0.5,0.5,1.8,2.3,0.2,0,0.3,0.7,1,2.8
80,Devontae Cacok,PF,24,LAL,1,0,2,1,1,1,0,0,,1,1,1,1,0,0,,0,0,0,0,0,0,0,0,2
81,Kentavious Caldwell-Pope,SG,27,LAL,22,22,25.3,3.1,6.8,0.463,1.6,3.7,0.444,1.5,3.1,0.485,0.584,1,1.1,0.84,0.3,2,2.3,1.4,0.7,0.3,0.9,1.7,8.9
82,Facundo Campazzo,PG,29,DEN,21,0,12,1.1,3.2,0.358,0.8,2.2,0.362,0.3,1,0.35,0.485,0.6,0.8,0.765,0.1,0.6,0.7,1.7,0.8,0.1,0.7,1.8,3.7
83,Vlatko ÄŒanÄar,PF,23,DEN,11,0,3,0,0.6,0,0,0.4,0,0,0.3,0,0,0,0,,0.2,0.5,0.7,0,0.3,0.2,0.2,0.2,0
84,Clint Capela,C,26,ATL,21,21,29.2,5.8,10.5,0.552,0,0,,5.8,10.5,0.552,0.552,1.7,3.2,0.537,4.7,9.5,14.2,1,0.8,2.3,1.5,2.3,13.3
85,Vernon Carey Jr.,C,19,CHO,3,0,2,0.3,1,0.333,0,0.3,0,0.3,0.7,0.5,0.333,0.3,0.7,0.5,0.7,0.3,1,0.3,0,0.3,0,0,1
86,Jevon Carter,PG,25,PHO,21,0,12,1.2,3.4,0.347,0.7,2.3,0.286,0.5,1.1,0.478,0.444,0.1,0.1,1,0.1,1.3,1.5,1.1,0.5,0.3,0.2,1.3,3.1
87,Wendell Carter Jr.,C,21,CHI,14,14,26.9,4.6,8.7,0.533,0.3,1.1,0.267,4.4,7.6,0.57,0.549,3.2,4.4,0.726,2.4,5.6,8,2.4,0.6,0.6,1.9,3.1,12.8
88,Michael Carter-Williams,SG,29,ORL,7,2,22.9,2.1,6.3,0.341,0.1,1.7,0.083,2,4.6,0.438,0.352,0.7,0.9,0.833,2.1,3,5.1,1.7,0.6,0.6,1.3,2.7,5.1
89,Alex Caruso,PG,26,LAL,19,0,18.6,2.1,4.5,0.459,1.1,2.2,0.476,1,2.3,0.442,0.576,0.4,0.4,0.875,0.6,1.8,2.4,2.1,1,0.2,1.3,1.5,5.5
90,Willie Cauley-Stein,C,27,DAL,24,10,17.7,2.5,3.8,0.641,0,0.2,0.25,2.4,3.7,0.659,0.647,1.1,1.8,0.619,1.3,3.4,4.7,0.8,0.3,0.7,0.6,2.5,6
91,Chris Chiozza,PG,25,BRK,11,0,9.1,1.1,3.6,0.3,0.5,1.5,0.294,0.6,2.1,0.304,0.363,0.8,1,0.818,0.3,0.6,0.9,2.3,0.4,0.3,0.7,0.6,3.5
92,Marquese Chriss,PF,23,GSW,2,0,13.5,2.5,7,0.357,0.5,2.5,0.2,2,4.5,0.444,0.393,1,2,0.5,1.5,5,6.5,1,0,1,1,1.5,6.5
93,Gary Clark,SF,26,ORL,23,8,20.7,1.1,3.7,0.291,0.8,3.1,0.25,0.3,0.6,0.5,0.395,0.3,0.3,0.857,1.1,2.3,3.4,0.9,0.3,0.2,0.6,1.1,3.2
94,Brandon Clarke,PF,24,MEM,17,13,28.4,5.8,11.9,0.488,0.5,2,0.265,5.3,9.9,0.533,0.51,1.1,1.9,0.594,1.8,4.1,5.8,1.6,1.2,0.8,0.6,1.5,13.3
95,Jordan Clarkson,SG,28,UTA,25,0,25.5,6.4,14.1,0.455,3,8,0.378,3.4,6,0.556,0.563,1.5,1.6,0.974,1,3.3,4.3,1.9,0.8,0.3,1.8,1.5,17.4
96,Amir Coffey,SG,23,LAC,16,0,5.7,0.6,1.6,0.385,0.3,0.8,0.333,0.4,0.9,0.429,0.462,0.1,0.4,0.286,0.1,0.3,0.4,0.4,0.2,0,0.2,0.5,1.6
97,John Collins,PF,23,ATL,24,24,31.9,7.3,13,0.559,1.5,3.6,0.407,5.8,9.5,0.617,0.615,2.4,2.9,0.841,2.1,5.7,7.8,1.6,0.5,1,1.4,3.3,18.5
98,Mike Conley,PG,33,UTA,23,23,29.3,5.7,12.7,0.45,2.8,6.8,0.41,2.9,5.9,0.496,0.56,2.3,2.8,0.815,1,2.7,3.7,5.8,1.4,0.1,2,1.8,16.5
99,Pat Connaughton,SG,28,MIL,22,0,17.8,2,4.7,0.427,1.3,3.2,0.394,0.7,1.5,0.5,0.563,0.2,0.4,0.625,0.9,2.9,3.7,1.4,0.5,0.4,0.2,1.2,5.5
100,Quinn Cook,PG,27,LAL,13,0,3.4,0.6,1.5,0.421,0.3,0.8,0.4,0.3,0.7,0.444,0.526,0.3,0.4,0.8,0,0.3,0.3,0.3,0.1,0,0.2,0.1,1.8
101,DeMarcus Cousins,C,30,HOU,22,8,19.5,3,8.1,0.363,1.5,4.5,0.337,1.5,3.7,0.395,0.455,1.7,2.4,0.712,1.3,6.3,7.5,2.5,0.9,0.7,1.6,3,9.1
102,Robert Covington,PF,30,POR,22,22,31,2.5,7.4,0.344,1.6,5.3,0.299,1,2.1,0.457,0.451,0.7,0.7,0.938,0.7,5.4,6.1,1.9,1.6,0.6,1.1,2.6,7.4
103,Torrey Craig,SF,30,MIL,12,0,11.9,1.3,2.7,0.469,0.5,1.3,0.4,0.8,1.4,0.529,0.563,0.1,0.2,0.5,0.8,2.1,2.9,0.9,0.6,0.4,0.3,1.6,3.1
104,Jae Crowder,PF,30,PHO,21,15,27.7,3.2,8.8,0.37,2.3,6.7,0.343,1,2.1,0.455,0.5,1.3,1.6,0.848,0.3,4.7,5,2.2,0.9,0.1,0.9,2.2,10.1
105,Jarrett Culver,SG,21,MIN,16,7,21.2,3.2,6.9,0.459,0.5,1.9,0.258,2.7,5,0.538,0.495,1.3,2.1,0.606,1.6,3.4,5,0.9,0.7,0.4,1.3,2.4,8.1
106,Seth Curry,SG,30,PHI,19,19,27.8,4.5,9.1,0.5,2.2,4.3,0.5,2.4,4.7,0.5,0.619,1.6,1.6,1,0.2,1.7,1.9,2.6,0.8,0.3,1.2,1.7,12.8
107,Stephen Curry,PG,32,GSW,26,26,33.9,10,20.3,0.49,5,11.6,0.435,4.9,8.8,0.561,0.613,5.1,5.5,0.93,0.5,5,5.5,5.9,1.3,0.1,3.3,2,30
108,Anthony Davis,PF,27,LAL,21,21,33.6,8.7,16.4,0.53,0.8,2.6,0.315,7.9,13.9,0.57,0.555,4,5.8,0.702,2,6.6,8.6,3.2,1.4,1.9,2,1.9,22.3
109,Ed Davis,C,31,MIN,19,7,13.9,0.9,2.3,0.419,0,0,,0.9,2.3,0.419,0.419,0.4,0.4,0.875,2,3.1,5.1,1,0.5,0.5,0.3,2.6,2.3
110,Terence Davis,SG,23,TOR,20,2,14.3,2.7,6,0.445,1.4,3.4,0.397,1.3,2.6,0.51,0.559,0.5,0.5,0.9,0.3,1.5,1.8,0.9,0.6,0.2,1,1.9,7.1
111,DeMar DeRozan,PF,31,SAS,23,23,33.7,6.7,13.8,0.486,0.7,2,0.333,6,11.8,0.511,0.509,6.1,6.9,0.892,0.7,4.3,5.1,6.7,0.7,0.3,1.7,1.8,20.2
112,Hamidou Diallo,SG,22,OKC,24,4,23.3,4.8,9.2,0.516,0.4,1.4,0.273,4.4,7.8,0.559,0.536,2.8,4.2,0.663,1,4.3,5.3,2.4,1,0.4,1.4,2.5,12.7
113,Gorgui Dieng,C,31,MEM,17,1,18.6,2.8,5.2,0.539,1.1,2.2,0.5,1.7,3,0.569,0.646,1.4,1.6,0.852,1.5,3.6,5.2,1.5,0.9,0.8,1.2,1.8,8.1
114,Spencer Dinwiddie,SG,27,BRK,3,3,21.3,2,5.3,0.375,0.7,2.3,0.286,1.3,3,0.444,0.438,2,2,1,0,4.3,4.3,3,0.7,0.3,1.7,1.3,6.7
115,Donte DiVincenzo,SG,24,MIL,25,25,25.8,3.6,8.6,0.423,1.9,4.7,0.407,1.7,3.9,0.443,0.535,0.5,0.7,0.706,1,3.4,4.5,2.6,1.3,0.2,1.2,1.4,9.7
116,Luka DonÄiÄ‡,PG,21,DAL,25,25,35.1,9.6,20.8,0.461,2.2,7.1,0.309,7.4,13.7,0.539,0.513,6.4,8.1,0.788,0.9,7.8,8.7,9.3,1,0.7,4.2,2,27.8
117,Luguentz Dort,SG,21,OKC,23,23,29,4.1,10,0.413,1.8,5.5,0.333,2.3,4.5,0.51,0.504,1.6,2.1,0.771,0.7,2.7,3.3,1.4,0.9,0.3,1.3,2.6,11.7
118,Damyean Dotson,SG,26,CLE,21,6,20.9,3,7.2,0.421,1.1,3.8,0.291,2,3.5,0.562,0.497,0.8,1.1,0.667,0.1,1.5,1.6,2.3,0.5,0.1,0.8,1,8
119,Devon Dotson,PG,21,CHI,1,0,10,2,4,0.5,0,0,,2,4,0.5,0.5,0,0,,0,1,1,0,0,0,0,1,4
120,Sekou Doumbouya,PF,20,DET,24,1,13.1,1.5,4.3,0.353,0.4,1.6,0.256,1.1,2.6,0.413,0.402,0.7,1,0.739,0.6,1.8,2.4,0.6,0.4,0.1,0.7,1.5,4.1
121,PJ Dozier,SG,24,DEN,17,0,19.4,2.6,5.5,0.468,0.9,2.2,0.405,1.7,3.4,0.509,0.548,1.1,1.5,0.72,0.9,3.2,4.1,1.4,0.5,0.6,0.8,1.7,7.1
122,Goran DragiÄ‡,PG,34,MIA,17,6,26.5,5.2,11.5,0.456,1.6,4.6,0.359,3.6,6.9,0.521,0.528,2.2,2.8,0.809,0.4,2.6,3.1,5.3,0.5,0.1,3,2.6,14.4
123,Andre Drummond,C,27,CLE,24,24,29.4,7.4,15.5,0.477,0,0.3,0,7.4,15.1,0.488,0.477,3.1,5.3,0.595,4.2,9.7,13.8,2.6,1.6,1.2,3.3,2.7,17.9
124,Jared Dudley,PF,35,LAL,6,0,3.7,0.2,0.2,1,0.2,0.2,1,0,0,,1.5,0,0,,0.2,0.8,1,0.2,0,0,0,0,0.5
125,Kevin Durant,PF,32,BRK,18,17,35.9,10,18.9,0.529,2.7,5.9,0.449,7.3,12.9,0.567,0.6,6.8,7.8,0.872,0.4,7.1,7.4,5.2,0.8,1.4,3.5,2.4,29.5
126,Anthony Edwards,SG,19,MIN,25,8,27,5.2,13.6,0.379,1.8,5.6,0.324,3.4,8,0.418,0.446,1.8,2.2,0.804,0.7,2.6,3.3,2.2,0.8,0.3,1.6,1.5,13.9
127,Carsen Edwards,SG,22,BOS,11,1,11.4,2.1,4.5,0.469,0.8,2.4,0.346,1.3,2.1,0.609,0.561,0.5,0.6,0.857,0.2,1,1.2,0.5,0.4,0.1,0.2,1.4,5.5
128,CJ Elleby,SF,20,POR,10,0,8.4,1.3,2.5,0.52,0.4,1.5,0.267,0.9,1,0.9,0.6,0.6,0.9,0.667,0.4,0.8,1.2,0.3,0.3,0.3,0.2,1.4,3.6
129,Wayne Ellington,SG,33,DET,18,15,23.2,4,8.2,0.49,2.9,6.2,0.473,1.1,1.9,0.543,0.67,0.5,0.7,0.75,0.4,1.7,2.1,1.1,0.4,0.2,0.7,1.3,11.4
130,Joel Embiid,C,26,PHI,21,21,32.1,9.3,17,0.545,1.1,3,0.381,8.1,14,0.58,0.578,9.7,11.4,0.849,1.9,9,10.9,2.9,1.3,1.3,3.4,2.4,29.4
131,James Ennis,SF,30,ORL,19,18,22.1,2.5,5.2,0.49,0.9,2,0.447,1.6,3.2,0.517,0.577,1.2,1.4,0.846,1.1,2.7,3.8,1.2,0.9,0.3,1.1,2.3,7.1
132,Drew Eubanks,C,23,SAS,9,0,12.6,1.4,3.7,0.394,0,0,,1.4,3.7,0.394,0.394,1,1.3,0.75,0.4,2.8,3.2,0.4,0.1,1.6,0.3,1,3.9
133,Dante Exum,SG,25,CLE,6,3,19.3,1.7,4.3,0.385,0.3,1.8,0.182,1.3,2.5,0.533,0.423,0.2,0.3,0.5,0.3,2.5,2.8,2.2,0.7,0.3,1.2,1.5,3.8
134,Tacko Fall,C,25,BOS,5,0,8.8,1.4,2.2,0.636,0,0,,1.4,2.2,0.636,0.636,0.4,1.2,0.333,1.2,2.2,3.4,0,0,1.6,0.2,1.4,3.2
135,Derrick Favors,C,29,UTA,23,0,16.4,2.4,4,0.591,0,0,0,2.4,4,0.598,0.591,1.3,1.7,0.763,2.1,3.5,5.7,1,0.5,1.1,0.6,2.5,6
136,Cristiano FelÃ­cio,C,28,CHI,5,0,7.4,0.6,0.8,0.75,0,0,,0.6,0.8,0.75,0.75,1,1.6,0.625,1,1.2,2.2,1,0.4,0,0.6,0.6,2.2
137,Terrance Ferguson,SG,22,PHI,6,0,3.7,0,0.5,0,0,0.5,0,0,0,,0,0,0,,0,0.2,0.2,0.3,0,0,0.2,0.5,0
138,Bruno Fernando,C,22,ATL,12,0,9.1,0.6,1.5,0.389,0,0.2,0,0.6,1.3,0.438,0.389,0.6,0.9,0.636,1,2.7,3.7,0.6,0.2,0.1,1,1,1.8
139,Yogi Ferrell,PG,27,CLE,2,0,20,4,10.5,0.381,1.5,4.5,0.333,2.5,6,0.417,0.452,0,1,0,1.5,2,3.5,2.5,1.5,0.5,1.5,2,9.5
140,Dorian Finney-Smith,PF,27,DAL,17,17,30.2,3.1,7.4,0.421,1.7,5,0.341,1.4,2.4,0.585,0.536,0.6,0.7,0.833,1.5,3.4,4.9,1.3,1,0.4,0.6,2.7,8.5
141,Malachi Flynn,PG,22,TOR,13,0,8.2,0.8,3,0.282,0.4,1.8,0.217,0.5,1.2,0.375,0.346,0.2,0.3,0.5,0.1,0.6,0.7,1.2,0.3,0,0.3,0.8,2.2
142,Bryn Forbes,SG,27,MIL,25,2,17.4,3.4,6.9,0.5,2,4.2,0.49,1.4,2.7,0.515,0.648,0.5,0.7,0.706,0.2,0.9,1.1,0.5,0.2,0,0.7,1.2,9.4
143,Trent Forrest,PG,22,UTA,2,0,4.5,0,0,,0,0,,0,0,,,1,1,1,0,0,0,0.5,0.5,0,0,1,1
144,Evan Fournier,SF,28,ORL,14,14,28.4,5.6,12.7,0.444,2.2,6.3,0.352,3.4,6.4,0.533,0.531,4.3,5.4,0.8,0.3,2.2,2.5,3.6,1,0.4,2.1,2.3,17.8
145,De'Aaron Fox,PG,23,SAC,24,24,33.2,8.5,17.8,0.477,1.9,5.4,0.357,6.6,12.5,0.528,0.53,4.5,6.6,0.684,0.7,2.7,3.4,6.7,1.2,0.5,3.2,2.7,23.4
146,Tim Frazier,PG,30,MEM,3,0,11,0.7,2.7,0.25,0,0.7,0,0.7,2,0.333,0.25,0,0,,0,1.3,1.3,2.3,0.3,0,1,1.3,1.3
147,Markelle Fultz,PG,22,ORL,8,8,26.9,5.1,13,0.394,0.5,2,0.25,4.6,11,0.42,0.413,2.1,2.4,0.895,0.6,2.5,3.1,5.4,1,0.3,2.3,2.3,12.9
148,Wenyen Gabriel,PF,23,NOP,3,0,3.3,0,1,0,0,0.3,0,0,0.7,0,0,0,0,,0.3,1,1.3,0.3,0,0,0,0,0
149,Daniel Gafford,PF,22,CHI,22,10,14.6,2.2,3.3,0.681,0,0,,2.2,3.3,0.681,0.681,1,1.6,0.657,1.5,1.9,3.4,0.7,0.5,1.3,0.6,2,5.5
150,Danilo Gallinari,PF,32,ATL,12,1,18.4,2.8,7.1,0.4,1.4,4,0.354,1.4,3.1,0.459,0.5,3.3,3.3,0.975,0.3,2.3,2.5,1.3,0.1,0.1,1.3,1.6,10.3
151,Langston Galloway,SG,29,PHO,21,0,11.6,1.6,3.4,0.472,1,2,0.476,0.7,1.4,0.467,0.611,0.8,0.8,1,0.2,1,1.1,0.7,0.2,0,0.3,0.6,5
152,Darius Garland,PG,21,CLE,18,15,32.1,6.3,13.8,0.456,1.6,4,0.403,4.7,9.8,0.477,0.514,1.4,1.6,0.893,0.5,1.8,2.3,5.5,0.9,0.2,2.5,2.3,15.6
153,Marc Gasol,C,36,LAL,26,26,19.4,1.2,3.2,0.381,0.5,1.7,0.311,0.7,1.5,0.462,0.464,0.8,1,0.88,0.8,3.5,4.3,1.9,0.4,1.3,0.9,2.3,3.8
154,Rudy Gay,PF,34,SAS,24,0,22.3,4.2,9.9,0.424,1.6,4.3,0.379,2.6,5.6,0.459,0.506,1.3,1.8,0.762,1,4.4,5.4,1.5,0.7,0.5,1.2,1.9,11.4
155,Paul George,SF,30,LAC,20,20,34,8.4,16.6,0.508,3.8,7.9,0.478,4.7,8.7,0.534,0.621,3.8,4.2,0.905,0.7,5.6,6.2,5.5,1.2,0.5,3.6,2.3,24.4
156,Taj Gibson,PF,35,NYK,4,0,12.3,1.3,2.3,0.556,0.3,0.5,0.5,1,1.8,0.571,0.611,0,0.5,0,1.5,0.5,2,1,0,0.3,0.3,2,2.8
157,Harry Giles,C,22,POR,20,0,11.4,1.1,2.7,0.407,0.2,0.4,0.375,1,2.3,0.413,0.435,0.5,0.7,0.714,1.1,3.6,4.6,0.9,0.3,0.4,0.7,1.9,2.9
158,Shai Gilgeous-Alexander,SG,22,OKC,21,21,33.8,8,15.7,0.506,1.9,4.9,0.382,6.1,10.9,0.561,0.565,4.8,6.2,0.771,0.7,4.9,5.5,6.5,0.9,0.7,3,2,22.6
159,Anthony Gill,PF,28,WAS,10,1,6.5,0.3,1,0.3,0.1,0.7,0.143,0.2,0.3,0.667,0.35,0.3,0.4,0.75,0.3,1.6,1.9,0.3,0.3,0.2,0.3,0.3,1
160,Rudy Gobert,C,28,UTA,25,25,30,5.3,8.5,0.62,0,0,,5.3,8.5,0.62,0.62,2.9,5.3,0.541,3.6,9.8,13.5,1.4,0.4,2.7,1.7,2.2,13.4
161,Brandon Goodwin,PG,25,ATL,20,0,12.4,1.3,4.4,0.295,0.6,2.3,0.239,0.8,2.1,0.357,0.358,0.8,1,0.75,0.1,1.1,1.2,1.8,0.5,0,0.5,1,3.9
162,Aaron Gordon,PF,25,ORL,19,19,29.1,4.8,11.2,0.427,1.6,4.4,0.369,3.2,6.8,0.465,0.5,2.6,4.2,0.613,1.7,5.5,7.2,4.2,0.7,0.8,2.8,2,13.8
163,Eric Gordon,SG,32,HOU,20,8,28.9,6.2,13.4,0.459,2.8,7.8,0.361,3.4,5.7,0.593,0.563,3.5,4.2,0.831,0.3,2.1,2.4,2.4,0.6,0.5,2,1.4,18.6
164,Devonte' Graham,PG,25,CHO,23,23,33.6,4.5,12.7,0.352,3,8.3,0.359,1.5,4.4,0.337,0.469,2.4,3.1,0.775,0.6,2.4,3,5.9,1.1,0,1.4,1.6,14.3
165,Jerami Grant,SF,26,DET,25,25,36.2,7.9,17.7,0.445,2.5,6.5,0.387,5.4,11.2,0.479,0.516,5.4,6.2,0.871,0.9,4.6,5.5,3,0.9,1.2,1.6,2.8,23.7
166,Danny Green,SF,33,PHI,26,26,28,3.1,7.9,0.39,2.2,6,0.361,0.9,1.9,0.48,0.527,0.4,0.5,0.714,1,2.7,3.7,1.9,1.1,0.7,1.3,1.6,8.7
167,Draymond Green,PF,30,GSW,22,22,28.8,1.9,5.4,0.353,0.4,1.9,0.19,1.5,3.5,0.442,0.387,1,1.4,0.7,0.5,4.9,5.5,8,1.4,0.5,2.8,3.1,5.1
168,JaMychal Green,PF,30,DEN,20,1,21.1,3.7,8,0.459,1.9,4.3,0.447,1.8,3.7,0.473,0.579,1.3,1.6,0.839,1.7,4.6,6.3,1,0.6,0.2,1.1,2.5,10.5
169,Javonte Green,SG,27,BOS,14,0,15.7,1.7,3.6,0.48,0.4,1.3,0.278,1.4,2.3,0.594,0.53,0.9,1.4,0.632,1.1,1.6,2.6,0.6,0.9,0.1,0.6,0.9,4.6
170,Jeff Green,PF,34,BRK,27,12,26,3.2,6.5,0.494,1.5,3.6,0.418,1.7,2.9,0.59,0.611,1.2,1.4,0.821,0.4,3.2,3.6,1.3,0.7,0.2,0.9,2.1,9.1
171,Josh Green,SG,20,DAL,17,5,12.5,1,2.1,0.472,0.1,0.7,0.167,0.9,1.4,0.625,0.5,0.4,0.6,0.545,0.7,1.6,2.3,0.6,0.2,0.1,0.6,0.9,2.5
172,Blake Griffin,PF,31,DET,19,19,31.1,4.1,11.1,0.365,1.9,6.2,0.305,2.2,4.9,0.441,0.45,2.3,3.2,0.717,0.4,4.9,5.3,3.7,0.7,0.1,1.6,2,12.3
173,Kyle Guy,PG,23,SAC,8,0,8.5,1,3.3,0.308,0.5,1.8,0.286,0.5,1.5,0.333,0.385,0.6,0.8,0.833,0.4,1,1.4,1.5,0.4,0,0.1,0.6,3.1
174,Rui Hachimura,PF,22,WAS,15,15,28.9,4.7,10.5,0.452,0.9,2.7,0.35,3.8,7.8,0.487,0.497,2.9,3.9,0.741,1.3,4.1,5.4,2.1,0.5,0.1,1.1,2.1,13.3
175,Ashton Hagans,PG,21,MIN,2,0,2,0,0,,0,0,,0,0,,,0,0,,0,0,0,0,0,0,0.5,0,0
176,Tyrese Haliburton,PG,20,SAC,22,1,29.4,4.5,9.2,0.495,2.3,5.1,0.455,2.2,4.1,0.544,0.621,0.6,0.7,0.867,1,2.5,3.6,5.3,1.2,0.7,1.5,1.3,12
177,Josh Hall,SF,20,OKC,7,0,7.3,0.6,2.6,0.222,0.1,1.1,0.125,0.4,1.4,0.3,0.25,0.4,1,0.429,0.1,1.1,1.3,1,0,0,0.6,1,1.7
178,R.J. Hampton,PG,19,DEN,17,0,6.4,0.7,1.6,0.444,0.2,0.4,0.5,0.5,1.2,0.429,0.5,0.1,0.1,1,0.5,1.2,1.6,0.5,0.3,0.1,0.5,0.4,1.7
179,Tim Hardaway Jr.,SG,28,DAL,25,17,31.1,6,13.6,0.444,3.2,7.9,0.399,2.9,5.7,0.507,0.56,2,2.5,0.778,0.2,3.2,3.4,1.7,0.7,0.2,0.9,1.6,17.2
180,James Harden,SG,31,TOT,21,21,38,7.3,15.7,0.465,2.7,7.7,0.354,4.6,8,0.571,0.552,6.6,7.4,0.89,0.8,6.2,7,11,1,0.8,4.2,2.3,23.9
180,James Harden,SG,31,HOU,8,8,36.3,7.5,16.9,0.444,3.1,9,0.347,4.4,7.9,0.556,0.537,6.6,7.5,0.883,0.6,4.5,5.1,10.4,0.9,0.8,4.3,1.8,24.8
180,James Harden,SG,31,BRK,13,13,39,7.2,14.9,0.479,2.5,6.8,0.36,4.7,8.1,0.581,0.562,6.5,7.3,0.895,0.8,7.3,8.2,11.3,1.1,0.8,4.2,2.7,23.3
181,Maurice Harkless,SF,27,MIA,9,3,10.7,0.4,1.1,0.4,0.4,0.9,0.5,0,0.2,0,0.6,0,0.2,0,0,0.9,0.9,0.6,0.2,0.2,0.2,1.2,1.3
182,Jared Harper,PG,23,NYK,2,0,2.5,0,0.5,0,0,0,,0,0.5,0,0,1,1,1,0,0,0,0,0,0,1,0,1
183,Montrezl Harrell,C,27,LAL,26,0,25.2,5.5,8.5,0.649,0,0.2,0,5.5,8.4,0.661,0.649,2.4,3.3,0.741,2.3,4,6.3,1.1,0.7,0.7,1.3,2.2,13.5
184,Gary Harris,SG,26,DEN,18,18,30.7,3.8,8.4,0.45,1.3,4,0.333,2.4,4.4,0.557,0.53,1.2,1.7,0.733,0.7,1.8,2.5,1.7,0.9,0.2,0.7,1.9,10.1
185,Jalen Harris,SG,22,TOR,2,0,2,0,0,,0,0,,0,0,,,0,0,,0.5,0,0.5,0,0,0,0.5,1,0
186,Joe Harris,SF,29,BRK,27,23,31.3,5.5,10.6,0.519,3.3,6.7,0.492,2.2,3.9,0.566,0.674,0.4,0.7,0.632,0.6,2.9,3.5,2,0.5,0.2,0.8,2.4,14.8
187,Tobias Harris,PF,28,PHI,23,23,34.1,7.7,15.2,0.509,1.8,4.4,0.416,5.9,10.8,0.546,0.569,2.8,3.2,0.89,1.3,6.2,7.4,3,0.8,0.9,2.2,2.1,20.1
188,Shaquille Harrison,SG,27,UTA,14,0,3.6,0.4,1.4,0.316,0,0.1,0,0.4,1.3,0.333,0.316,0.4,0.4,0.833,0.1,0.4,0.6,0.5,0.1,0,0.4,0.2,1.2
189,Josh Hart,SF,25,NOP,24,2,27.9,2.9,6.5,0.452,1.4,3.9,0.355,1.5,2.6,0.597,0.558,1.3,1.8,0.714,1.1,6.6,7.8,2,0.9,0.2,0.8,2.2,8.5
190,Isaiah Hartenstein,C,22,DEN,15,0,8.9,1.5,3.1,0.489,0,0,,1.5,3.1,0.489,0.489,0.9,1.6,0.583,1.6,1.5,3.1,0.6,0.4,0.8,0.9,2.2,4
191,Jaxson Hayes,C,20,NOP,19,1,12.2,1.7,2.7,0.635,0,0,,1.7,2.7,0.635,0.635,0.8,1.3,0.667,1.2,2.4,3.6,0.5,0.3,0.4,0.7,1.8,4.3
192,Killian Hayes,PG,19,DET,7,7,21.1,1.9,6.7,0.277,0.7,2.9,0.25,1.1,3.9,0.296,0.33,0.1,0.3,0.5,0.1,1,1.1,3.6,0.3,0,2.4,2.1,4.6
193,Gordon Hayward,SF,30,CHO,25,25,35.4,8.2,16.4,0.499,2.2,5.2,0.426,6,11.3,0.532,0.566,4,4.6,0.862,0.8,4.6,5.4,3.8,1.1,0.4,2.1,1.9,22.6
194,Juan HernangÃ³mez,PF,25,MIN,12,6,19.3,2.3,5.9,0.394,1.1,3.4,0.317,1.3,2.5,0.5,0.486,0.8,1.2,0.643,1.1,4.1,5.2,0.6,0.4,0.2,0.4,0.9,6.5
195,Willy HernangÃ³mez,C,26,NOP,9,0,15,2.4,4.2,0.579,0,0.3,0,2.4,3.9,0.629,0.579,1,1.8,0.563,1.9,3.2,5.1,1.2,0.6,0.6,0.3,0.9,5.9
196,Tyler Herro,SG,21,MIA,17,14,33.8,6.5,14.4,0.451,2,5.8,0.347,4.5,8.6,0.521,0.52,2.1,2.6,0.795,0.4,5.7,6.1,3.9,0.4,0.3,2.6,1.6,17
197,Buddy Hield,SG,28,SAC,24,24,35,5.3,14.3,0.372,3.9,10.5,0.373,1.4,3.8,0.37,0.509,1.5,1.8,0.86,0.3,4.6,4.9,3,0.9,0.4,1.9,2.8,16.1
198,George Hill,PG,34,OKC,14,14,26.4,4.4,8.6,0.508,1.6,4.1,0.386,2.8,4.5,0.619,0.6,1.5,1.8,0.84,0.6,1.5,2.1,3.1,0.9,0.1,0.9,0.9,11.8
199,Solomon Hill,PF,29,ATL,24,1,19,1.6,4.4,0.371,1.2,3.5,0.349,0.4,0.9,0.455,0.51,0.3,0.3,0.75,0.4,2,2.4,0.8,0.6,0.3,0.5,1.5,4.7
200,Nate Hinton,SG,21,DAL,6,0,3.2,0.5,2.2,0.231,0.2,0.8,0.2,0.3,1.3,0.25,0.269,0.2,0.3,0.5,0,0,0,0,0.2,0.2,0.3,0.2,1.3
201,Aaron Holiday,PG,24,IND,26,6,19.5,2.6,7.5,0.351,1.1,3.3,0.322,1.5,4.1,0.374,0.423,0.5,0.7,0.737,0.2,1,1.3,1.9,0.5,0.1,0.8,1.8,6.8
202,Jrue Holiday,PG,30,MIL,23,23,32.5,6.5,13,0.502,1.9,4.8,0.387,4.7,8.2,0.569,0.574,1.5,1.9,0.791,1.3,3.5,4.8,5.4,1.9,0.6,1.6,1.7,16.4
203,Justin Holiday,SG,31,IND,26,17,31.8,3.9,8.3,0.474,2.3,5.5,0.427,1.6,2.8,0.569,0.616,1.1,1.4,0.778,0.7,3.4,4.1,1.6,1.2,0.3,0.7,2.4,11.3
204,Richaun Holmes,C,27,SAC,23,23,30.2,5.5,8.4,0.653,0,0.2,0.2,5.4,8.2,0.665,0.655,1.9,2.4,0.782,2.5,5.5,8,1.8,0.7,1.7,1.4,4.2,12.9
205,Rodney Hood,SF,28,POR,21,5,19.2,2.1,5.7,0.367,0.7,2.1,0.311,1.4,3.6,0.4,0.425,0.1,0.2,0.6,0.2,1.6,1.8,1.3,0.7,0.1,0.8,1.4,5
206,Al Horford,C,34,OKC,16,16,28.1,5.8,12.8,0.454,2.2,5.4,0.407,3.6,7.4,0.487,0.539,0.6,0.8,0.833,0.9,6.2,7.1,3.3,1.1,1,1.4,1.8,14.4
207,Talen Horton-Tucker,SG,20,LAL,22,0,17.1,2.9,6.3,0.46,0.5,1.9,0.293,2.4,4.5,0.531,0.504,0.9,1,0.864,0.4,2.3,2.7,1.8,1,0.5,1.3,2,7.2
208,Danuel House,SF,27,HOU,14,5,28.2,3.1,8.4,0.368,1.5,5.1,0.292,1.6,3.2,0.489,0.457,1.4,1.8,0.76,0.5,3.3,3.8,2.2,0.9,0.4,0.7,2,9
209,Dwight Howard,C,35,PHI,26,4,16.8,2.2,3.8,0.571,0.1,0.3,0.429,2,3.5,0.582,0.587,1.4,2.8,0.486,2.5,5.1,7.7,0.7,0.5,0.9,1.9,3.1,5.8
210,Markus Howard,SG,21,DEN,12,0,3.1,0.5,2.1,0.24,0.3,1.5,0.167,0.3,0.6,0.429,0.3,0,0,,0,0.3,0.3,0.3,0,0,0.3,0.4,1.3
211,Kevin Huerter,SG,22,ATL,24,13,31.7,4.8,11,0.441,2.4,5.7,0.416,2.5,5.3,0.468,0.549,0.7,0.9,0.762,0.8,3,3.8,3.6,1.2,0.2,1.2,2.4,12.7
212,Elijah Hughes,SF,22,UTA,6,0,4.5,0.8,2.5,0.333,0.5,1.7,0.3,0.3,0.8,0.4,0.433,0.5,0.7,0.75,0,0.7,0.7,0.5,0.2,0.2,0.7,0,2.7
213,De'Andre Hunter,SF,23,ATL,18,18,32.2,6,11.7,0.514,1.7,4.6,0.366,4.3,7.1,0.609,0.586,3.6,4.1,0.877,0.9,4.5,5.4,2.2,0.9,0.5,1.4,2.6,17.2
214,Chandler Hutchison,SF,24,CHI,7,0,9.1,0.7,2.6,0.278,0.1,0.4,0.333,0.6,2.1,0.267,0.306,0.3,0.3,1,0.1,2.7,2.9,0.6,0.1,0,0.7,1.3,1.9
215,Serge Ibaka,C,31,LAC,25,25,24.4,4.7,9.1,0.52,1,2.6,0.394,3.7,6.4,0.571,0.577,1.3,1.6,0.821,2,4.7,6.6,1.7,0.2,1.3,1.3,2,11.8
216,Andre Iguodala,SF,37,MIA,23,2,21.5,1.6,4.3,0.367,1.1,3.3,0.325,0.5,0.9,0.524,0.495,0.2,0.5,0.455,0.5,3.3,3.9,2.3,1.1,0.4,1,1.4,4.4
217,Joe Ingles,SF,33,UTA,21,4,26,3.7,7.6,0.488,2.2,5.2,0.427,1.5,2.4,0.62,0.634,1,1.2,0.88,0.5,3,3.6,4.6,0.3,0.2,1.5,1.8,10.7
218,Brandon Ingram,SF,23,NOP,24,24,34.9,8.3,17.7,0.469,2.5,6.3,0.393,5.8,11.4,0.511,0.539,4.6,5.4,0.86,0.6,4.9,5.5,4.6,0.6,1,2.5,1.7,23.7
219,Kyrie Irving,PG,28,BRK,18,18,35.7,10.4,20,0.522,2.8,6.8,0.41,7.7,13.2,0.58,0.592,4.2,4.4,0.95,0.8,3.8,4.6,5.9,1,0.8,2.4,3.1,27.9
220,Wesley Iwundu,SF,26,DAL,17,3,13.6,0.8,2.7,0.283,0.2,1.4,0.13,0.6,1.4,0.435,0.315,0.5,0.6,0.8,0.3,1.6,1.9,0.5,0.4,0.1,0.2,1.2,2.2
221,Frank Jackson,PG,22,DET,7,0,5.6,0.6,2.3,0.25,0.4,1.4,0.3,0.1,0.9,0.167,0.344,0,0,,0,0.7,0.7,1.1,0.1,0,0.6,0.6,1.6
222,Josh Jackson,SG,23,DET,23,6,23.8,4.5,10.5,0.426,1.5,4.7,0.318,3,5.9,0.511,0.496,2.1,3.1,0.69,0.7,3.1,3.8,2,1,0.9,2.4,2.8,12.6
223,Justin Jackson,SF,25,OKC,14,1,16.9,2.4,5.8,0.42,0.8,3.1,0.25,1.6,2.6,0.622,0.488,0.7,0.9,0.769,0.3,2.2,2.5,1.5,0.3,0,0.7,1.2,6.4
224,Reggie Jackson,SG,30,LAC,23,10,19.6,3,7,0.438,1.3,3.4,0.385,1.7,3.6,0.488,0.531,0.9,1.3,0.724,0.3,2.4,2.7,3,0.6,0.1,1,1.8,8.3
225,Justin James,SF,24,SAC,7,0,6.9,0.9,2.1,0.4,0,0.6,0,0.9,1.6,0.545,0.4,0.1,1,0.143,0.3,0.7,1,0.4,0.1,0.1,0,0.1,1.9
226,LeBron James,PG,36,LAL,26,26,34.7,9.3,18.9,0.495,2.7,6.9,0.394,6.6,12,0.553,0.567,4.1,5.7,0.723,0.6,7.3,7.9,7.9,1.1,0.5,3.7,1.6,25.5
227,Isaiah Joe,SG,21,PHI,13,1,15.1,1.9,4.8,0.397,1.5,3.8,0.388,0.5,1.1,0.429,0.548,0.4,0.4,1,0.3,1.1,1.4,1,0.3,0.3,0.4,1.5,5.7
228,Cameron Johnson,PF,24,PHO,24,9,26,4,9.2,0.436,2.3,6.4,0.366,1.7,2.8,0.597,0.564,1,1.1,0.885,0.7,3,3.8,1.5,0.7,0.3,0.8,1.3,11.3
229,James Johnson,PF,33,DAL,23,0,18.4,2.6,5.3,0.488,0.6,2.2,0.28,2,3.2,0.63,0.545,0.6,1,0.542,0.5,2.6,3.1,1.6,0.9,0.8,1.1,2.1,6.4
230,Keldon Johnson,SF,21,SAS,25,25,30.1,5.2,11.3,0.456,0.9,3,0.311,4.2,8.4,0.507,0.496,2.9,3.7,0.774,1.8,5.3,7.1,2.3,0.8,0.6,1.6,2.4,14.1
231,Stanley Johnson,PF,24,TOR,24,1,14.8,1,2.5,0.417,0.6,1.5,0.417,0.4,1,0.417,0.542,0.5,0.6,0.786,0.5,1.9,2.5,1.5,0.9,0.3,0.7,1.7,3.2
232,Tyler Johnson,SG,28,BRK,10,0,9,0.9,2.3,0.391,0.5,1.4,0.357,0.4,0.9,0.444,0.5,0,0,,0.2,0.6,0.8,0.9,0.4,0,0.4,0.4,2.3
233,Nikola JokiÄ‡,C,25,DEN,24,24,35.9,10.4,18.3,0.567,1.4,3.5,0.4,9,14.8,0.607,0.606,4.7,5.5,0.85,3,8.3,11.3,8.6,1.6,0.6,3.5,3,26.9
234,Damian Jones,C,25,PHO,9,0,8.3,0.4,1.1,0.4,0,0.1,0,0.4,1,0.444,0.4,0.6,1,0.556,0.7,1,1.7,0,0.1,0.6,0.6,2,1.4
235,Derrick Jones Jr.,SF,23,POR,20,19,26.9,2.8,6,0.458,0.8,2.7,0.283,2,3.4,0.597,0.521,1.1,1.9,0.568,1.9,2.6,4.5,0.7,0.9,0.9,0.7,2.6,7.3
236,Mason Jones,SG,22,HOU,15,1,11.3,2.1,4.1,0.525,1.1,2.2,0.515,1,1.9,0.536,0.664,0.7,1.4,0.524,0.2,1.7,1.9,1.4,0.3,0,1.1,1.1,6.1
237,Tre Jones,PG,21,SAS,9,0,3,0.7,1.3,0.5,0.1,0.1,1,0.6,1.2,0.455,0.542,0.6,0.6,1,0.4,0,0.4,0.1,0,0,0.2,0.2,2
238,Tyus Jones,PG,24,MEM,20,8,24.2,3.8,8.4,0.446,0.9,3,0.283,2.9,5.4,0.537,0.497,0.5,0.7,0.769,0.6,2.2,2.8,5.5,1.3,0.2,0.9,0.6,8.9
239,DeAndre Jordan,C,32,BRK,26,21,21.2,3.1,4,0.786,0,0,,3.1,4,0.786,0.786,0.8,1.5,0.526,1.6,5.4,7,1.8,0.3,1.4,1.7,2.2,7
240,Cory Joseph,PG,29,SAC,24,0,18.6,2.1,5.1,0.415,0.5,1.9,0.283,1.6,3.2,0.494,0.467,0.8,1,0.76,0.4,1.7,2.1,2.3,0.8,0.3,1,2.1,5.6
241,Mfiondu Kabengele,PF,23,LAC,14,0,4.1,0.4,1.3,0.278,0.1,0.7,0.2,0.2,0.6,0.375,0.333,0.2,0.3,0.75,0.1,0.6,0.6,0.2,0.1,0.1,0.2,0.9,1.1
242,Frank Kaminsky,C,27,PHO,18,4,15.8,2.7,5.8,0.467,0.8,1.9,0.429,1.9,3.9,0.486,0.538,0.8,1.3,0.609,1,3.4,4.4,2.2,0.2,0.6,0.6,1.7,7.1
243,Enes Kanter,C,28,POR,24,12,24.5,4.8,8.2,0.582,0,0,,4.8,8.2,0.582,0.582,1.6,2.1,0.765,4,7,11,1.2,0.6,0.8,1.2,2.5,11.1
244,Luke Kennard,SG,24,LAC,26,7,21.6,3,6.5,0.464,1.6,3.5,0.446,1.4,2.9,0.487,0.586,0.4,0.5,0.846,0.2,2.5,2.8,1.7,0.3,0.2,0.9,1.6,8
245,Maxi Kleber,PF,29,DAL,15,9,24.9,2.1,4.8,0.444,1.7,3.5,0.472,0.5,1.3,0.368,0.618,1.1,1.2,0.944,0.9,4.3,5.3,1.5,0.3,0.8,0.7,2.3,7.1
246,Nathan Knight,PF,23,ATL,8,0,5.5,0.9,2.3,0.389,0.4,0.9,0.429,0.5,1.4,0.364,0.472,0.6,0.8,0.833,0.9,0.6,1.5,0.1,0.1,0.4,0.5,0.9,2.8
247,Kevin Knox,SF,21,NYK,20,0,18.2,2.2,5.5,0.391,1.3,3.2,0.391,0.9,2.3,0.391,0.505,0.5,0.6,0.833,0.4,1.8,2.2,0.8,0.4,0.3,0.8,1.6,6.1
248,John Konchar,SG,24,MEM,12,0,16.7,1.7,3.7,0.455,0.5,1.3,0.4,1.2,2.4,0.483,0.523,0.8,0.8,1,1.3,3.1,4.4,1.5,1.1,0.4,0.3,1.4,4.7
249,Furkan Korkmaz,SG,23,PHI,15,1,19.9,3.1,7.6,0.412,1.5,4.4,0.348,1.6,3.2,0.5,0.513,0.8,0.9,0.857,0.3,2.3,2.6,0.7,0.7,0.1,0.9,1.2,8.6
250,Luke Kornet,PF,25,CHI,3,0,4.3,0,0.7,0,0,0.7,0,0,0,,0,0.7,0.7,1,0,1,1,0.3,0.3,0,0.3,0,0.7
251,Rodions Kurucs,SF-PF,22,TOT,13,0,5.3,0.4,1.4,0.278,0.2,1,0.231,0.2,0.4,0.4,0.361,0.1,0.2,0.5,0.1,0.8,0.8,0.3,0.3,0.2,0.5,0.5,1.1
251,Rodions Kurucs,PF,22,BRK,5,0,3.2,0.2,0.6,0.333,0.2,0.4,0.5,0,0.2,0,0.5,0,0,,0,0.6,0.6,0.4,0,0,0,0.2,0.6
251,Rodions Kurucs,SF,22,HOU,8,0,6.6,0.5,1.9,0.267,0.3,1.4,0.182,0.3,0.5,0.5,0.333,0.1,0.3,0.5,0.1,0.9,1,0.3,0.5,0.3,0.9,0.8,1.4
252,Kyle Kuzma,SF,25,LAL,26,6,24.5,4.1,9.4,0.434,1.7,4.6,0.37,2.4,4.8,0.496,0.525,0.5,0.8,0.6,1.7,4.2,5.9,1.1,0.3,0.7,1.3,1.6,10.3
253,Jeremy Lamb,SG,28,IND,13,8,25.3,4.1,7.9,0.515,2,3.8,0.52,2.1,4.1,0.509,0.641,2.3,2.4,0.968,0.9,3.1,4,1.8,1,0.6,0.9,2.2,12.5
254,Zach LaVine,SG,25,CHI,24,24,35.6,10,19.2,0.518,3.5,8.3,0.425,6.4,10.9,0.59,0.611,4.7,5.5,0.863,0.7,4.6,5.3,5.3,1.1,0.5,3.9,2.6,28.2
255,Jake Layman,SF,26,MIN,19,3,15.4,2.4,4.8,0.489,0.6,1.9,0.297,1.8,2.9,0.618,0.549,0.9,1.2,0.783,0.3,1.2,1.5,0.5,0.9,0.5,0.5,1.2,6.3
256,Jalen Lecque,PG,20,IND,3,0,3,0.3,1.3,0.25,0,0.3,0,0.3,1,0.333,0.25,1,1,1,0.3,1,1.3,0.7,0,0,0,0,1.7
257,Damion Lee,SG,28,GSW,26,0,19,2.1,4.7,0.455,1.5,3.7,0.4,0.7,1,0.654,0.612,0.7,0.8,0.9,0.5,3,3.4,1.4,0.6,0.1,0.3,1.6,6.4
258,Saben Lee,PG,21,DET,8,0,8.8,0.6,1.8,0.357,0,0.1,0,0.6,1.6,0.385,0.357,1,1.3,0.8,0.1,0.3,0.4,1,0.5,0.1,0.6,1.1,2.3
259,Alex Len,C,27,TOT,18,5,14.1,2.1,3.3,0.633,0.3,1,0.333,1.8,2.3,0.762,0.683,1.1,1.8,0.625,0.7,2.5,3.2,1.1,0.4,1.1,1.2,1.8,5.7
259,Alex Len,C,27,TOR,7,2,10.9,0.7,1.4,0.5,0.4,0.9,0.5,0.3,0.6,0.5,0.65,0.4,0.9,0.5,0,1.6,1.6,0.4,0.1,0.9,1.1,1.4,2.3
259,Alex Len,C,27,WAS,11,3,16.2,3,4.5,0.66,0.3,1.1,0.25,2.7,3.5,0.789,0.69,1.5,2.4,0.654,1.2,3.1,4.3,1.5,0.6,1.2,1.2,2,7.8
260,Kawhi Leonard,SF,29,LAC,22,22,34.5,9.5,18.9,0.505,2,4.9,0.402,7.6,14,0.54,0.556,5.4,6.1,0.881,0.9,5,5.9,5.1,1.8,0.6,1.9,1.5,26.5
261,Meyers Leonard,C,28,MIA,3,2,9.7,1,2.3,0.429,1,2.3,0.429,0,0,,0.643,0.3,0.7,0.5,0,2.3,2.3,0.7,0,0,0.7,1.7,3.3
262,Caris LeVert,SG,26,BRK,12,4,27.8,7.3,16.7,0.435,1.8,5.3,0.349,5.4,11.4,0.474,0.49,2.2,2.8,0.765,0.8,3.5,4.3,6,1.1,0.5,2.2,1.7,18.5
263,Kira Lewis Jr.,PG,19,NOP,13,0,11.5,1.9,4.7,0.41,0.5,1.2,0.375,1.5,3.5,0.422,0.459,1,1.4,0.722,0.1,0.7,0.8,1.5,0.4,0.1,0.4,1.1,5.3
264,Damian Lillard,PG,30,POR,23,23,36,8.9,19.9,0.446,4.1,10.7,0.388,4.7,9.2,0.514,0.55,7.6,8,0.941,0.4,4,4.4,7.1,1,0.3,3,1.3,29.4
265,Nassir Little,PF,20,POR,9,2,11.2,1.7,3.2,0.517,0.8,1.3,0.583,0.9,1.9,0.471,0.638,0.9,1,0.889,1.1,1.2,2.3,0.2,0.2,0.4,0.6,0.9,5
266,Kevon Looney,C,24,GSW,21,5,14.7,1.6,2.5,0.623,0.1,0.2,0.4,1.5,2.3,0.646,0.642,0.4,0.6,0.692,1.5,2.6,4.1,1.8,0.3,0.3,0.7,1.8,3.7
267,Brook Lopez,C,32,MIL,25,25,27.4,3.9,8.4,0.467,1.7,4.6,0.362,2.2,3.8,0.596,0.567,1.2,1.4,0.853,1.5,3.6,5.2,0.7,0.5,1.4,0.8,2,10.7
268,Robin Lopez,C,32,WAS,22,9,18.7,3.1,5.2,0.605,0.2,0.5,0.364,3,4.7,0.631,0.623,1.3,2.1,0.63,2.1,2.2,4.3,1,0.2,0.6,1,2,7.8
269,Kevin Love,PF,32,CLE,2,2,23,3,9,0.333,1.5,4.5,0.333,1.5,4.5,0.333,0.417,2,2.5,0.8,1,5,6,2.5,0.5,0,1.5,0.5,9.5
270,Kyle Lowry,PG,34,TOR,23,23,34.7,5.9,13.3,0.444,2.8,7.3,0.379,3.1,6,0.526,0.549,2.8,3.2,0.878,0.8,4.6,5.4,6.6,1.1,0.2,2.9,3.2,17.4
271,TimothÃ© Luwawu-Cabarrot,SF,25,BRK,27,5,19.3,2.6,6.6,0.385,1.6,4.3,0.362,1,2.3,0.429,0.503,0.5,0.7,0.7,0.6,1.7,2.3,1.3,0.6,0.1,0.7,1.5,7.2
272,Trey Lyles,PF,25,SAS,13,2,12,1.4,2.8,0.5,0.3,1.2,0.267,1.1,1.6,0.667,0.556,0.7,1.2,0.6,0.5,2.7,3.2,0.5,0,0,0,0.4,3.8
273,Thon Maker,C,23,CLE,8,0,9.5,1.3,2.3,0.556,0,0.3,0,1.3,2,0.625,0.556,1.3,1.4,0.909,1,1.3,2.3,0.5,0.3,0.5,0.4,0.9,3.8
274,ThÃ©o Maledon,PG,19,OKC,21,6,22.7,2.8,7,0.397,1.4,3.9,0.366,1.3,3,0.438,0.5,0.6,0.9,0.632,0.2,2.4,2.6,2.9,1,0,1.8,2.1,7.5
275,Karim ManÃ©,PG,20,ORL,6,0,9.3,0.2,1.5,0.111,0.2,0.3,0.5,0,1.2,0,0.167,0.7,0.7,1,0,1.7,1.7,0.2,0,0.2,0.5,0.5,1.2
276,Terance Mann,SG,24,LAC,23,2,12.5,1.3,3.1,0.431,0.2,0.9,0.25,1.1,2.3,0.5,0.465,0.5,0.7,0.733,0.9,2.1,3,1,0.5,0.2,0.6,1.3,3.4
277,Nico Mannion,PG,19,GSW,6,0,6,0.5,2.2,0.231,0.3,1.5,0.222,0.2,0.7,0.25,0.308,0.2,0.7,0.25,0,1.3,1.3,2,0.3,0,0.3,0.8,1.5
278,Boban MarjanoviÄ‡,C,32,DAL,15,0,7.2,1.9,3.6,0.519,0,0.2,0,1.9,3.4,0.549,0.519,0.6,0.9,0.692,1.3,2,3.3,0.1,0,0,0.2,0.8,4.3
279,Lauri Markkanen,PF,23,CHI,14,14,30.4,6.8,13.2,0.514,2.9,7.2,0.396,3.9,6,0.655,0.622,2.7,3.2,0.844,0.6,5.5,6.1,0.9,0.6,0.4,1.7,2.2,19.1
280,Naji Marshall,SF,23,NOP,3,0,2.7,0,0.7,0,0,0.3,0,0,0.3,0,0,0.3,0.7,0.5,0,0.7,0.7,0.3,0,0,0,0,0.3
281,Caleb Martin,SF,25,CHO,23,1,15.8,2.2,5.2,0.42,0.7,2.2,0.3,1.5,3,0.507,0.483,0.6,1.1,0.56,0.8,2,2.8,1.3,0.9,0.3,0.7,1.1,5.6
282,Cody Martin,SF,25,CHO,17,0,9.4,1.2,2.2,0.526,0.2,0.8,0.231,1,1.5,0.68,0.566,0.5,0.6,0.8,0.6,1.4,2,0.9,0.4,0,0.5,0.5,3
283,Kelan Martin,SF,25,IND,10,0,4.2,0.6,1.8,0.333,0.2,0.8,0.25,0.4,1,0.4,0.389,0,0,,0.1,1,1.1,0,0.2,0,0.4,0.4,1.4
284,Kenyon Martin Jr.,SF,20,HOU,7,0,9.9,1.4,3.9,0.37,0.1,0.6,0.25,1.3,3.3,0.391,0.389,0.3,0.7,0.4,1.1,1.6,2.7,0.6,0.3,0.7,0.7,1.3,3.3
285,Frank Mason III,G,26,ORL,4,1,19.8,2.3,6,0.375,0.5,1.3,0.4,1.8,4.8,0.368,0.417,1.3,1.8,0.714,0.8,2.3,3,3,0,0,1.3,1.8,6.3
286,Garrison Mathews,SG,24,WAS,16,0,15.5,1.9,4.5,0.417,1.4,3.5,0.393,0.5,1,0.5,0.569,2.1,2.3,0.917,0.4,1.1,1.6,0.6,0.9,0.1,0.1,1.5,7.2
287,Dakota Mathias,SG,25,PHI,8,2,15.4,2.4,6,0.396,1,3.3,0.308,1.4,2.8,0.5,0.479,0.3,0.8,0.333,0.1,0.8,0.9,1.6,0.1,0.4,0.1,0.9,6
288,Wesley Matthews,SG,34,LAL,19,1,20.4,1.8,4.4,0.417,1.4,3.6,0.397,0.4,0.8,0.5,0.577,0.5,0.6,0.75,0.4,0.8,1.2,1.1,0.5,0.3,0.3,1.5,5.6
289,Tyrese Maxey,SG,20,PHI,25,6,17.5,3.8,8.2,0.459,0.6,2,0.294,3.2,6.2,0.513,0.495,0.7,0.8,0.857,0.2,1.8,2,1.8,0.6,0.1,0.6,1.3,8.8
290,Skylar Mays,SG,23,ATL,6,0,2.5,0,1,0,0,0.3,0,0,0.7,0,0,0.3,0.3,1,0.2,0.2,0.3,0.2,0,0,0,0.3,0.3
291,CJ McCollum,SG,29,POR,13,13,33.8,9.5,20,0.473,4.8,11,0.441,4.6,9,0.513,0.594,2.9,3.5,0.844,0.5,3.4,3.9,5,1.3,0.3,1,2.2,26.7
292,T.J. McConnell,PG,28,IND,23,0,22.6,2.4,5,0.483,0.2,0.6,0.357,2.2,4.4,0.5,0.504,0.1,0.4,0.222,0.8,2.7,3.4,6.6,1.7,0.2,1.7,1.4,5.2
293,Jaden McDaniels,PF,20,MIN,19,0,17.5,2,5.1,0.396,0.9,2.6,0.36,1.1,2.4,0.435,0.49,0.2,0.6,0.364,0.7,2.7,3.5,1,0.3,0.9,0.8,2.6,5.2
294,Jalen McDaniels,SF,23,CHO,9,0,9.2,1.4,2.8,0.52,0.2,0.7,0.333,1.2,2.1,0.579,0.56,0.8,1.2,0.636,0.3,1.8,2.1,0.6,0.2,0,0.9,1.4,3.9
295,Doug McDermott,PF,29,IND,26,6,25.7,5,9.8,0.512,1.5,4.3,0.354,3.5,5.5,0.636,0.59,1.2,1.5,0.769,1,3.2,4.2,1.3,0.3,0.1,1,1.8,12.8
296,Sean McDermott,SF,24,MEM,3,0,14,0.7,2.3,0.286,0.3,1.7,0.2,0.3,0.7,0.5,0.357,0.7,0.7,1,0.7,0.3,1,1,0,0,1,0.3,2.3
297,JaVale McGee,C,33,CLE,18,1,15.6,3.1,6.7,0.455,0.3,0.8,0.333,2.8,5.9,0.472,0.475,1.3,2.2,0.6,1.7,3.7,5.4,1.1,0.5,1.3,1.1,2.3,7.7
298,Rodney McGruder,SG,29,DET,8,0,8,1.1,2.4,0.474,0.4,0.9,0.429,0.8,1.5,0.5,0.553,0.4,0.4,1,0.4,0.8,1.1,0.8,0,0.1,0.5,0.5,3
299,Alfonzo McKinnie,SF,28,LAL,12,0,3.2,0.7,1.1,0.615,0.3,0.3,0.75,0.4,0.8,0.556,0.731,0.2,0.2,1,0.3,0.4,0.8,0.1,0.1,0,0.1,0.2,1.8
300,Jordan McLaughlin,PG,24,MIN,13,0,17.8,2.1,5.2,0.403,0.5,1.4,0.333,1.6,3.8,0.429,0.448,0.4,0.5,0.714,0.6,1.6,2.2,4.4,0.5,0.2,1,0.8,5
301,Ben McLemore,SG,27,HOU,17,2,15.2,2.1,5.4,0.38,1.5,4,0.382,0.5,1.4,0.375,0.522,0.6,0.8,0.769,0.3,1.8,2.1,1.1,0.4,0.1,1.1,1.2,6.2
302,NicolÃ² Melli,PF,30,NOP,12,0,11.3,0.6,2.3,0.259,0.4,1.8,0.238,0.2,0.5,0.333,0.352,0.3,0.4,0.8,0.2,2.1,2.3,0.9,0.5,0.1,0.5,1.3,1.9
303,De'Anthony Melton,PG,22,MEM,12,0,21.5,4,8.3,0.48,1.6,3.6,0.442,2.4,4.8,0.509,0.575,0.4,0.7,0.625,0.3,2.7,3,3.2,0.9,1,1.4,2.1,10
304,Sam Merrill,SG,24,MIL,9,0,6.1,0.4,1.1,0.4,0.4,0.9,0.5,0,0.2,0,0.6,0.2,0.2,1,0.3,0.8,1.1,1.1,0.1,0,0.3,0.3,1.6
305,Chimezie Metu,C,23,SAC,10,0,6.4,1.3,2.8,0.464,0.1,0.3,0.333,1.2,2.5,0.48,0.482,0.6,0.9,0.667,1.1,1.2,2.3,0.5,0.3,0.6,0.5,1,3.3
306,Khris Middleton,SF,29,MIL,25,25,32.5,7.6,14.6,0.516,2.5,5.6,0.45,5,9,0.558,0.602,3,3.3,0.916,0.8,5.2,6,6.2,1,0.1,2.3,2.6,20.7
307,Darius Miller,SF,30,OKC,8,0,9.6,1,2,0.5,0.9,1.9,0.467,0.1,0.1,1,0.719,0.4,0.4,1,0,1.4,1.4,0.8,0.5,0.1,0.3,0.8,3.3
308,Patty Mills,PG,32,SAS,25,0,25.6,4.8,10.6,0.447,2.6,6.5,0.401,2.2,4.2,0.519,0.57,1.3,1.4,0.941,0.3,1.6,1.8,2.7,0.7,0,0.8,1.5,13.4
309,Paul Millsap,PF,35,DEN,24,24,23.8,3.7,7.3,0.511,1.3,3,0.411,2.5,4.2,0.584,0.598,1.7,2.4,0.707,1.7,3.6,5.3,1.5,0.8,0.5,1,2.2,10.4
310,Shake Milton,SG,24,PHI,22,1,24.4,4.9,10.9,0.452,1,3.3,0.306,3.9,7.6,0.515,0.498,3.2,3.6,0.875,0.5,1.4,1.9,3,0.7,0.2,1.5,2.2,14
311,Donovan Mitchell,SG,24,UTA,23,23,33.5,8.3,19,0.437,3.6,8.6,0.419,4.7,10.4,0.452,0.532,3.8,4.6,0.838,1,3.3,4.3,5.1,0.8,0.4,3.1,2.1,24
312,Adam Mokoka,SG,22,CHI,6,0,6.8,0.8,2.3,0.357,0.2,1.3,0.125,0.7,1,0.667,0.393,0,0,,0.2,0.5,0.7,0.7,0.3,0.2,0.3,0.8,1.8
313,Malik Monk,SG,22,CHO,13,0,20.3,3.5,7.7,0.45,2.1,4.4,0.474,1.4,3.3,0.419,0.585,1,1.2,0.867,0.4,1.7,2.1,1.8,0.3,0.2,1.1,1.2,10
314,E'Twaun Moore,SG,31,PHO,11,1,17.5,2.4,5.6,0.419,0.3,1.4,0.2,2.1,4.3,0.489,0.444,0.4,0.5,0.667,0.5,0.9,1.4,1.8,1,0.1,1.1,1.5,5.4
315,Ja Morant,PG,21,MEM,12,12,29.3,6.6,14.3,0.459,0.9,3.3,0.282,5.7,11.1,0.511,0.491,4.2,5.3,0.794,0.7,1.6,2.3,7.7,1.1,0.3,3.1,1.7,18.3
316,Juwan Morgan,PF,23,UTA,10,0,6,0.6,1.3,0.462,0.3,0.9,0.333,0.3,0.4,0.75,0.577,0,0.1,0,0.3,1,1.3,0.3,0.3,0,0.2,1,1.5
317,Marcus Morris,PF,31,LAC,17,0,24.5,3.9,9.2,0.427,2.1,4.8,0.444,1.8,4.5,0.408,0.541,1.4,1.5,0.923,0.6,3,3.6,0.8,0.6,0.2,0.9,1.5,11.4
318,Markieff Morris,PF,31,LAL,21,2,15.5,1.6,4,0.398,0.8,2.6,0.309,0.8,1.3,0.571,0.5,0.6,0.9,0.722,0.7,2.9,3.6,0.9,0.1,0.3,0.5,1.5,4.6
319,Monte Morris,PG,25,DEN,24,2,26.4,4.3,8.6,0.498,1.3,3.4,0.37,3,5.3,0.579,0.57,1.3,1.8,0.738,0.3,1.9,2.1,3.5,0.7,0.3,0.6,0.8,11.1
320,Mychal Mulder,PG,26,GSW,25,0,10.3,1.3,2.7,0.485,1,2.4,0.441,0.3,0.4,0.778,0.676,0.3,0.4,0.636,0,1,1,0.4,0.2,0.2,0.2,0.9,4
321,Dejounte Murray,PG,24,SAS,25,25,30.6,6,13.6,0.442,1,3.2,0.321,5,10.3,0.481,0.481,1.6,2.1,0.788,0.6,6.4,7,5,1.6,0.1,1.8,2.2,14.7
322,Jamal Murray,PG,23,DEN,22,22,34.7,6.8,15.4,0.442,2,5.7,0.341,4.9,9.7,0.502,0.506,2.5,3.2,0.786,0.7,3.2,3.9,4.4,1,0.3,2,2.2,18.1
323,Mike Muscala,C,29,OKC,22,0,18.6,3.2,7.6,0.425,2,5.3,0.376,1.2,2.3,0.54,0.557,1.1,1.2,0.923,0.6,2.9,3.5,0.9,0.3,0.3,0.7,1.4,9.5
324,Sviatoslav Mykhailiuk,SF,23,DET,24,0,14.6,2,5.3,0.375,1.3,4.2,0.317,0.7,1.1,0.593,0.5,0.9,1,0.875,0.3,1.5,1.8,1.3,0.6,0.1,0.6,0.8,6.2
325,Abdel Nader,SF,27,PHO,9,0,17.8,2.9,6.2,0.464,1,2.6,0.391,1.9,3.7,0.515,0.545,1.6,2,0.778,0,3,3,1.2,0.3,0.1,0.9,1.3,8.3
326,Larry Nance Jr.,PF,28,CLE,19,18,33.4,3.7,7.6,0.483,1.3,3.3,0.381,2.4,4.3,0.561,0.566,0.6,1.1,0.571,1.4,5.4,6.8,3.2,1.9,0.5,1.5,2.2,9.3
327,Aaron Nesmith,SF,21,BOS,10,0,11.7,1.2,3.7,0.324,0.9,2.9,0.31,0.3,0.8,0.375,0.446,0,0,,0.3,1.2,1.5,0.5,0,0.2,0.7,1.6,3.3
328,Raul Neto,PG,28,WAS,17,6,18.2,3.2,7,0.454,1.2,3.1,0.377,2,3.9,0.515,0.538,0.4,0.6,0.636,0.5,1.5,2,1.8,1,0.1,0.7,1.3,7.9
329,Georges Niang,PF,27,UTA,25,0,12.4,1.7,4.5,0.375,0.9,3,0.293,0.8,1.5,0.541,0.473,0.1,0.1,1,0.3,1.9,2.2,0.6,0.3,0.1,0.7,1.4,4.4
330,Zeke Nnaji,PF,20,DEN,11,0,3.8,0.8,1.5,0.529,0.5,0.8,0.556,0.4,0.7,0.5,0.676,0,0,,0.3,0.3,0.5,0,0,0.1,0,0.4,2.1
331,Nerlens Noel,C,26,NYK,21,0,17.6,1.5,2.7,0.544,0,0.1,0,1.5,2.6,0.564,0.544,0.6,0.9,0.632,1.6,3.7,5.2,0.4,0.9,1.9,1,1.9,3.5
332,Jaylen Nowell,SG,21,MIN,11,0,17.2,4.2,8.8,0.474,1.5,3.6,0.4,2.7,5.2,0.526,0.557,1.5,1.7,0.842,0.6,1.4,2,0.7,0.4,0.3,0.8,1.5,11.3
333,Frank Ntilikina,PG,22,NYK,4,0,10.5,1.5,3.5,0.429,1.3,2.3,0.556,0.3,1.3,0.2,0.607,0.3,0.8,0.333,0.3,0.8,1,0.8,0.8,0,0.5,1.8,4.5
334,Kendrick Nunn,PG,25,MIA,17,5,27.7,5.3,11.2,0.471,1.7,5.1,0.333,3.6,6.1,0.587,0.547,0.9,1.1,0.842,0.5,2.9,3.4,2.5,1.1,0.2,2,1.6,13.2
335,Jusuf NurkiÄ‡,C,26,POR,12,12,23.3,4.2,8.6,0.485,0.3,1,0.25,3.9,7.6,0.516,0.5,1.3,2.3,0.556,1.9,5.8,7.7,2.8,0.9,0.9,1.9,2.8,9.8
336,David Nwaba,SF,28,HOU,21,8,22.5,3.3,6.9,0.476,0.6,2.1,0.289,2.7,4.8,0.56,0.521,1,1.7,0.629,1,2,3,1.1,1,0.7,0.6,2,8.2
337,Jordan Nwora,SF,22,MIL,10,0,8.2,1.7,3.7,0.459,0.8,1.6,0.5,0.9,2.1,0.429,0.568,0.9,1,0.9,0.1,1.4,1.5,0,0.4,0.2,1,0.9,5.1
338,Royce O'Neale,SF,27,UTA,25,25,32.3,2.7,5.8,0.465,1.8,4,0.455,0.8,1.7,0.488,0.625,0.7,0.9,0.818,1,5.6,6.6,2.3,0.6,0.6,1,2.8,7.9
339,Semi Ojeleye,PF,26,BOS,23,2,18.4,1.9,4.4,0.426,1.1,3,0.382,0.7,1.4,0.515,0.554,0.7,1,0.739,0.7,2.3,3,0.8,0.2,0,0.4,1,5.6
340,Jahlil Okafor,C,25,DET,12,0,10,2.1,3.5,0.595,0,0.3,0,2.1,3.3,0.641,0.595,0.1,0.2,0.5,1.1,1.2,2.3,0.3,0.2,0.2,0.3,0.8,4.3
341,Chuma Okeke,PF,22,ORL,10,0,21.1,1.6,4.2,0.381,0.7,2,0.35,0.9,2.2,0.409,0.464,0.3,0.6,0.5,1.3,2.2,3.5,2.5,0.9,0.3,0.8,0.9,4.2
342,Josh Okogie,SG,22,MIN,19,17,21.5,1.8,5.2,0.347,0.4,2.1,0.205,1.4,3.1,0.441,0.388,1.2,1.7,0.719,0.9,1.8,2.7,1.3,0.8,0.7,0.8,2,5.2
343,Onyeka Okongwu,C,20,ATL,7,1,10.4,1.3,2.6,0.5,0,0,,1.3,2.6,0.5,0.5,0.4,1.1,0.375,0.9,2.1,3,0.3,0.3,0.9,0.6,1.9,3
344,Isaac Okoro,SG,20,CLE,21,21,33.8,2.9,7.2,0.401,0.8,2.8,0.276,2.1,4.5,0.479,0.454,1.4,2,0.674,0.9,1.4,2.3,1.9,1.1,0.4,1.3,2.7,8
345,KZ Okpala,PF,21,MIA,13,5,12.8,0.9,2.4,0.387,0.5,1.5,0.368,0.4,0.9,0.417,0.5,0.2,0.5,0.333,0.3,1.2,1.5,0.5,0.2,0.2,0.6,1.5,2.5
346,Victor Oladipo,SG,28,TOT,20,20,32,7,17.5,0.401,2.4,7.3,0.329,4.6,10.2,0.453,0.47,2.7,3.7,0.74,0.2,5,5.2,4.6,1.4,0.4,2.2,2.4,19.1
346,Victor Oladipo,SG,28,IND,9,9,33.3,7.1,16.9,0.421,2.8,7.7,0.362,4.3,9.2,0.47,0.503,3,4.1,0.73,0.1,5.6,5.7,4.2,1.7,0.2,2,2.6,20
346,Victor Oladipo,SG,28,HOU,11,11,30.9,6.9,17.9,0.386,2.1,7,0.299,4.8,10.9,0.442,0.444,2.5,3.3,0.75,0.3,4.5,4.8,4.9,1.1,0.5,2.4,2.3,18.4
347,Kelly Olynyk,C,29,MIA,24,19,26.5,3.8,8.7,0.438,2.4,6.5,0.365,1.4,2.2,0.654,0.575,0.5,0.7,0.688,1,4.9,5.8,2,0.8,0.8,1.4,2.5,10.4
348,Miye Oni,SG,23,UTA,19,0,7.5,0.4,1.2,0.304,0.4,1.1,0.35,0,0.2,0,0.457,0.1,0.1,0.5,0.4,1.5,1.8,0.3,0.1,0.2,0.3,1,1.2
349,Cedi Osman,SF,25,CLE,26,12,26.9,4.2,11,0.376,2.1,6.1,0.34,2.1,4.9,0.422,0.47,1,1.3,0.765,0.7,2.5,3.2,2.7,0.9,0.1,1.1,2.1,11.4
350,Daniel Oturu,C,21,LAC,10,0,4.2,0.9,1.5,0.6,0,0.1,0,0.9,1.4,0.643,0.6,0.2,0.2,1,0.5,0.9,1.4,0.4,0,0.3,0.2,0.6,2
351,Kelly Oubre Jr.,SF,25,GSW,26,26,29,5,12.5,0.401,1.6,5.4,0.3,3.4,7.1,0.478,0.466,2.2,2.9,0.75,1.3,4.4,5.8,1.4,1,0.8,1.4,2.3,13.8
352,Eric Paschall,PF,24,GSW,23,2,17,3.7,7.6,0.486,0.5,1.5,0.353,3.2,6.1,0.518,0.52,1.7,2.3,0.717,0.9,2.1,3,1.3,0.2,0.1,0.6,1.8,9.6
353,AnÅ¾ejs PaseÄÅ†iks,C,25,WAS,1,0,6,0,1,0,0,1,0,0,0,,0,0,0,,1,0,1,1,0,0,5,2,0
354,Patrick Patterson,PF,31,LAC,8,1,13.4,1.6,3.6,0.448,1.1,2.9,0.391,0.5,0.8,0.667,0.603,0.4,0.5,0.75,0.4,1.3,1.6,0.5,0.4,0.1,0.8,1.4,4.8
355,Chris Paul,PG,35,PHO,23,23,32.4,6.3,13.3,0.474,1.3,3.8,0.341,5,9.5,0.528,0.523,3,3,0.971,0.6,4,4.5,8.1,1.2,0.3,2.4,2.8,16.9
356,Cameron Payne,PG,26,PHO,13,0,17.5,2.5,5.5,0.458,0.8,2.2,0.379,1.7,3.3,0.512,0.535,0.7,0.7,1,0.2,2,2.2,3.9,0.6,0.2,1.2,2.2,6.6
357,Elfrid Payton,PG,26,NYK,26,26,28.4,5.1,11.8,0.429,0.5,2,0.25,4.6,9.8,0.465,0.45,1.5,2.1,0.704,1.3,2.6,3.8,3.7,0.6,0.2,2,2,12.1
358,Norvel Pelle,F-C,27,BRK,3,0,9.3,1,2.3,0.429,0,0,,1,2.3,0.429,0.429,0,0,,1,1.3,2.3,0,0,1,1,3,2
359,Reggie Perry,PF,20,BRK,14,0,10.5,1.5,3.6,0.412,0.1,0.9,0.167,1.4,2.8,0.487,0.431,0.4,0.6,0.667,1.2,2.4,3.6,0.9,0.1,0.4,0.8,1.9,3.6
360,Theo Pinson,SG,25,NYK,7,0,2.4,0.1,0.9,0.167,0,0.7,0,0.1,0.1,1,0.167,0,0,,0,0.1,0.1,0,0,0,0,0.3,0.3
361,Mason Plumlee,C,30,DET,24,24,27.6,4,6.8,0.593,0,0.2,0,4,6.5,0.611,0.593,1.9,2.6,0.714,3,5.8,8.8,3.2,1,0.7,2.1,3.5,9.9
362,Jakob Poeltl,C,25,SAS,25,7,21.4,2.8,4.7,0.593,0,0,,2.8,4.7,0.593,0.593,0.4,1.4,0.286,2.9,3.8,6.6,1.7,0.5,1.4,1,2.1,6
363,Vincent Poirier,C,27,PHI,4,0,4.5,0.3,0.8,0.333,0,0,,0.3,0.8,0.333,0.333,0.5,1,0.5,0.5,0.5,1,0.3,0,0.5,0.3,0.3,1
364,Aleksej Pokusevski,PF,19,OKC,17,0,17.4,1.4,5.5,0.247,0.6,3.3,0.179,0.8,2.2,0.351,0.301,0,0,,0.3,3.2,3.5,1.2,0.5,1.1,1.3,0.9,3.3
365,Jordan Poole,SG,21,GSW,15,0,9.5,1.7,4.1,0.426,0.9,2.6,0.333,0.9,1.5,0.591,0.533,1.2,1.3,0.947,0.1,1.1,1.2,0.9,0.2,0.1,0.5,0.9,5.5
366,Michael Porter Jr.,SF,22,DEN,14,7,26.4,5.5,10.8,0.51,2.4,5.5,0.442,3.1,5.3,0.581,0.623,1.5,1.9,0.808,1.3,5.1,6.4,1,1.1,1.1,1.1,2.1,14.9
367,Otto Porter,SF,27,CHI,16,6,23.3,4,9,0.444,1.8,4.4,0.4,2.3,4.6,0.486,0.542,1.9,2.3,0.833,1.3,5,6.3,2,0.6,0.2,0.9,1.6,11.6
368,Bobby Portis,C,25,MIL,25,1,21.5,4.7,8.6,0.547,1,2.1,0.481,3.7,6.5,0.568,0.605,0.7,1.1,0.667,2,5.4,7.5,1.1,0.8,0.4,0.8,1.9,11.1
369,Kristaps PorziÅ†Ä£is,C,25,DAL,15,15,29.7,7.6,16.6,0.458,2,6.1,0.326,5.6,10.5,0.535,0.518,2.5,2.9,0.86,2,6.3,8.3,1.4,0.3,1.6,1.2,3.1,19.7
370,Dwight Powell,C,29,DAL,16,6,17.2,1.5,2.9,0.511,0.1,0.4,0.143,1.4,2.5,0.575,0.521,1.9,2.8,0.689,1.3,2.6,3.8,1,0.8,0.4,0.7,2.6,5
371,Norman Powell,SG,27,TOR,24,13,27.7,5.5,12,0.453,2.3,5.5,0.424,3.1,6.5,0.478,0.55,3,3.4,0.878,0.4,2.4,2.8,1.4,1.1,0.2,1.3,2,16.3
372,Taurean Prince,PF,26,TOT,25,8,22.1,3,7.3,0.404,1.5,3.7,0.409,1.4,3.6,0.4,0.508,1.8,2.1,0.849,0.4,3.3,3.7,1.7,0.8,0.7,1.1,1.9,9.2
372,Taurean Prince,PF,26,BRK,12,4,18.2,2.5,6.2,0.405,1.1,3.1,0.351,1.4,3.1,0.459,0.493,2,2.3,0.889,0.2,2.7,2.8,0.6,0.7,0.7,0.9,1.8,8.1
372,Taurean Prince,PF,26,CLE,13,4,25.8,3.4,8.4,0.404,1.9,4.3,0.446,1.5,4.1,0.358,0.518,1.6,2,0.808,0.7,3.8,4.5,2.8,0.8,0.8,1.2,2.1,10.3
373,Payton Pritchard,SG,23,BOS,18,0,21.1,3.1,6.2,0.495,1.7,3.6,0.469,1.4,2.6,0.532,0.631,0.6,0.7,0.917,0.5,2,2.5,2.3,0.7,0.3,1.3,1.8,8.4
374,Immanuel Quickley,PG,21,NYK,22,0,19,3.8,9.5,0.402,1.5,4.3,0.358,2.3,5.2,0.439,0.483,2.6,2.8,0.934,0.4,1.9,2.3,2.7,0.5,0.4,1,2.2,11.8
375,Jahmi'us Ramsey,SG,19,SAC,4,0,4,0.5,1,0.5,0.3,0.8,0.333,0.3,0.3,1,0.625,0,0,,0,1,1,0.3,0,0.3,0.3,0,1.3
376,Julius Randle,PF,26,NYK,26,26,36.8,7.8,16.7,0.467,1.6,4.2,0.382,6.2,12.5,0.495,0.515,5.1,6.3,0.8,1.4,9.5,10.9,5.8,0.8,0.2,3.3,3.3,22.3
377,Cam Reddish,SF,21,ATL,20,15,28.7,3.7,10.2,0.363,1.3,4.9,0.255,2.5,5.3,0.462,0.424,2.5,3,0.817,0.8,3.3,4.1,1.4,1.2,0.2,1.4,2.7,11.1
378,J.J. Redick,SG,36,NOP,21,0,18.8,2.4,6.8,0.359,1.6,4.7,0.347,0.8,2.1,0.386,0.479,1.4,1.4,1,0.1,1.4,1.5,1.1,0.3,0,0.7,1.2,7.9
379,Paul Reed,PF,21,PHI,5,0,11,1.8,4.4,0.409,0,0.6,0,1.8,3.8,0.474,0.409,0,0,,1.4,0.6,2,0.6,0.2,0.8,1,0.8,3.6
380,Naz Reid,C,21,MIN,23,13,22.5,5,9.4,0.53,1.1,2.9,0.388,3.9,6.5,0.593,0.59,1.9,2.6,0.746,1.4,3.6,5,1.2,0.7,1.3,1.3,3.3,13
381,Nick Richards,PF,23,CHO,8,0,2.9,0.4,0.8,0.5,0,0,,0.4,0.8,0.5,0.5,0.6,0.8,0.833,0.3,0.5,0.8,0,0,0,0.1,0.5,1.4
382,Josh Richardson,SG,27,DAL,17,17,32,4.5,10.8,0.421,1.6,5.4,0.304,2.9,5.4,0.538,0.497,2.2,2.4,0.927,1.1,1.9,3,2.5,0.9,0.2,1.4,3,12.9
383,Austin Rivers,SG,28,NYK,19,2,23,3.1,7.1,0.43,1.5,4.1,0.364,1.6,3.1,0.517,0.533,0.5,0.6,0.75,0.3,2.2,2.5,2.2,0.6,0,1.1,1.6,8.1
384,Duncan Robinson,SF,26,MIA,25,25,33.1,4,9.6,0.415,3.3,8.4,0.397,0.7,1.3,0.531,0.587,1.4,1.6,0.854,0,3.7,3.7,1.7,0.4,0.3,1.6,2.2,12.7
385,Glenn Robinson III,SF,27,SAC,19,0,15.6,1.9,4.4,0.44,0.8,2.1,0.385,1.2,2.4,0.489,0.53,0.8,0.9,0.889,0.3,1.3,1.6,0.8,0.1,0.2,0.3,1,5.5
386,Jerome Robinson,SG,23,WAS,12,3,18.3,1.8,5.6,0.328,0.8,2.6,0.29,1.1,3,0.361,0.396,1.3,1.4,0.882,0.2,2.6,2.8,1.5,0.5,0.2,0.9,1.8,5.7
387,Mitchell Robinson,C,22,NYK,26,26,29.2,3.8,5.8,0.653,0,0,,3.8,5.8,0.653,0.653,0.8,1.6,0.524,3.5,4.6,8.2,0.5,1.2,1.6,0.8,3,8.4
388,Isaiah Roby,PF,22,OKC,18,8,20.1,3.4,6.3,0.535,0.5,1.6,0.31,2.9,4.7,0.612,0.575,1.3,1.8,0.719,1.5,3.2,4.7,1.3,0.7,0.7,1.1,2.3,8.6
389,Rajon Rondo,PG,34,ATL,14,2,15.3,1.4,3.9,0.345,0.6,1.9,0.308,0.8,2.1,0.379,0.418,0.1,0.1,0.5,0.3,2,2.3,3.9,0.6,0.1,1.4,0.9,3.4
390,Derrick Rose,PG,32,TOT,16,0,22.6,5.3,12.1,0.435,0.9,2.6,0.357,4.3,9.4,0.457,0.474,2.8,3.3,0.846,0.4,1.5,1.9,4.1,1.2,0.3,1.9,1.1,14.2
390,Derrick Rose,PG,32,DET,15,0,22.8,5.3,12.3,0.429,0.9,2.6,0.333,4.4,9.7,0.455,0.465,2.8,3.3,0.84,0.4,1.5,1.9,4.2,1.2,0.3,1.9,1.1,14.2
390,Derrick Rose,G,32,NYK,1,0,20,5,9,0.556,2,3,0.667,3,6,0.5,0.667,2,2,1,0,1,1,3,1,1,2,0,14
391,Terrence Ross,SG,29,ORL,25,0,28.3,5.1,12.5,0.409,1.7,5.3,0.323,3.4,7.2,0.472,0.478,2.4,2.6,0.894,0.3,2.6,2.9,1.9,1,0.4,1.8,2,14.3
392,Terry Rozier,SG,26,CHO,24,24,32.7,7,14.5,0.481,3.3,7.5,0.442,3.6,6.9,0.524,0.597,2,2.6,0.758,0.5,3.3,3.8,3,1.3,0.4,1.5,2,19.2
393,Ricky Rubio,PG,30,MIN,23,8,24.2,2.1,5.9,0.356,0.3,1.7,0.211,1.7,4.2,0.412,0.385,1.6,1.9,0.837,0.3,3.1,3.4,6.1,1.4,0,2.2,2.1,6.1
394,D'Angelo Russell,PG,24,MIN,20,19,29.2,7,16.3,0.426,3,7.4,0.399,4,8.9,0.449,0.517,2.4,3.2,0.75,0.5,2.2,2.6,5.1,1.1,0.5,2.7,2,19.3
395,Domantas Sabonis,PF,24,IND,26,26,36.1,8.1,15.2,0.532,1.1,2.8,0.378,7,12.3,0.567,0.567,3.8,5.5,0.694,2.8,8.6,11.4,5.5,0.9,0.5,3.2,3.5,21.1
396,Luka Å amaniÄ‡,PF,21,SAS,4,0,2.8,0.5,1.5,0.333,0.5,0.8,0.667,0,0.8,0,0.5,0.3,0.5,0.5,0,0,0,0,0,0,0,0,1.8
397,JaKarr Sampson,PF,27,IND,11,0,6.5,0.9,2.1,0.435,0,0.3,0,0.9,1.8,0.5,0.435,0.7,0.9,0.8,0.6,1.7,2.4,0,0.1,0.3,0.3,0.7,2.5
398,Dario Å ariÄ‡,PF,26,PHO,7,0,18.9,3.7,8.3,0.448,1.4,4,0.357,2.3,4.3,0.533,0.534,1.7,1.9,0.923,0.4,4.1,4.6,1,0.6,0.1,1.6,2,10.6
399,TomÃ¡Å¡ SatoranskÃ½,SG,29,CHI,13,0,18.6,1.8,3.8,0.49,0.7,1.5,0.45,1.2,2.2,0.517,0.582,0.8,1,0.846,0.3,2.2,2.5,4.8,0.7,0.2,1.7,1.2,5.2
400,Dennis SchrÃ¶der,SG,27,LAL,26,26,31.5,5.2,11.7,0.441,1,3.2,0.31,4.2,8.5,0.491,0.484,3.3,4,0.825,0.7,3.2,3.8,4.4,0.9,0.2,2.1,2.6,14.6
401,Mike Scott,PF,32,PHI,8,2,19.1,1.8,5.5,0.318,1.1,4.5,0.25,0.6,1,0.625,0.42,0.3,0.4,0.667,0.5,2.3,2.8,0.1,0.3,0.3,0.4,1.3,4.9
402,Collin Sexton,SG,22,CLE,21,21,34.7,8.4,17.4,0.485,1.6,3.7,0.423,6.9,13.7,0.502,0.53,4.2,5.2,0.809,0.6,1.9,2.5,4.3,1,0.2,2.5,2.8,22.7
403,Landry Shamet,SG,23,BRK,23,0,18.2,2.1,5.9,0.36,1.5,4.3,0.34,0.7,1.6,0.417,0.485,1.1,1.3,0.867,0.2,1.3,1.5,1.1,0.5,0.1,0.8,1.3,6.9
404,Pascal Siakam,PF,26,TOR,23,23,35.7,7.7,16.4,0.468,1.2,4,0.301,6.5,12.4,0.523,0.505,4,5.1,0.786,2.1,5.4,7.5,4.4,1.1,0.6,2.2,3.1,20.6
405,Chris Silva,PF,24,MIA,6,0,8.8,1,1.5,0.667,0.2,0.2,1,0.8,1.3,0.625,0.722,1.7,2,0.833,1.2,1.8,3,1,0.2,0.3,1.3,2.3,3.8
406,Ben Simmons,PG,24,PHI,23,23,33.1,5.4,9.8,0.556,0,0.3,0.167,5.4,9.5,0.566,0.558,3,4.8,0.636,1.6,6.7,8.3,8,1.7,0.8,3.4,3.3,14
407,Anfernee Simons,SG,21,POR,21,0,16.6,2.9,7.3,0.396,2,5,0.394,1,2.4,0.4,0.529,0.6,0.8,0.813,0.2,2,2.3,1.2,0.2,0.2,0.6,1.5,8.4
408,Deividas Sirvydis,SG,20,DET,4,0,1.3,0,0.5,0,0,0.5,0,0,0,,0,0,0,,0,0,0,0.3,0,0,0,0,0
409,Marcus Smart,PG,26,BOS,17,17,32.3,4.4,11.1,0.394,1.6,5.3,0.311,2.7,5.8,0.469,0.468,2.7,3.6,0.742,0.4,2.4,2.8,6.1,1.8,0.5,1.8,2.3,13.1
410,Dennis Smith Jr.,PG,23,TOT,4,0,11,1,3.8,0.267,0,1.3,0,1,2.5,0.4,0.267,1.3,1.5,0.833,0,1,1,0.8,0.8,0,0.5,1,3.3
410,Dennis Smith Jr.,PG,23,NYK,3,0,9.3,0.7,3.3,0.2,0,1.3,0,0.7,2,0.333,0.2,1.7,2,0.833,0,0.7,0.7,1,1,0,0.3,1.3,3
410,Dennis Smith Jr.,G,23,DET,1,0,16,2,5,0.4,0,1,0,2,4,0.5,0.4,0,0,,0,2,2,0,0,0,1,0,4
411,Ish Smith,PG,32,WAS,18,1,21.1,2.4,6.3,0.389,0.3,1.1,0.263,2.2,5.2,0.415,0.412,0.3,0.8,0.4,0.5,3.1,3.6,4.7,0.8,0.2,1,1,5.5
412,Jalen Smith,PF,20,PHO,7,0,6.9,0.9,2.4,0.353,0.3,1,0.286,0.6,1.4,0.4,0.412,0,0.3,0,0.7,0.7,1.4,0.3,0,0.3,0.1,0.4,2
413,Tony Snell,SG,29,ATL,13,0,12.2,1.2,2.6,0.441,1.1,2,0.538,0.1,0.6,0.125,0.647,0,0,,0.5,1.2,1.7,0.9,0.1,0.2,0.4,1.1,3.4
414,Cassius Stanley,SG,21,IND,8,0,2.9,0.3,0.9,0.286,0.1,0.3,0.5,0.1,0.6,0.2,0.357,0.5,0.6,0.8,0.3,0.1,0.4,0,0,0.3,0.1,0.9,1.1
415,Lamar Stevens,PF,23,CLE,15,0,13.5,1.5,4.1,0.377,0.1,0.9,0.077,1.5,3.2,0.458,0.385,0.8,1.2,0.667,0.4,2.1,2.5,0.8,0.5,0.3,0.5,0.8,3.9
416,Isaiah Stewart,C,19,DET,23,1,17.9,2.3,4.4,0.535,0,0.1,0.333,2.3,4.3,0.541,0.54,0.8,1.2,0.667,2.6,2.7,5.3,0.7,0.5,0.9,0.7,2.7,5.5
417,Max Strus,SF,24,MIA,14,0,14.7,2.4,4.7,0.515,1.6,3.9,0.426,0.8,0.9,0.917,0.689,0.5,0.6,0.778,0.1,1.1,1.1,0.4,0.1,0,0.2,1.3,7
418,Edmond Sumner,SG,25,IND,15,4,9.2,1.5,3.1,0.489,0.3,1.1,0.313,1.2,2.1,0.581,0.543,0.5,0.8,0.667,0.3,1,1.3,0.5,0.5,0.1,0.7,0.9,3.9
419,Jae'Sean Tate,SF,25,HOU,25,15,26.5,3.7,6.8,0.544,0.6,1.9,0.313,3.1,4.9,0.634,0.588,1.2,1.6,0.725,1.6,3.5,5,1.6,0.8,0.7,1.2,2.9,9.2
420,Jayson Tatum,SF,22,BOS,19,19,35.7,9.8,21.3,0.46,2.9,7.2,0.412,6.8,14.1,0.485,0.53,3.7,4.3,0.877,0.5,6.3,6.8,4.4,1.3,0.5,2.4,1.7,26.3
421,Jeff Teague,PG,32,BOS,21,3,17.4,1.9,5.8,0.322,0.7,1.6,0.412,1.2,4.1,0.287,0.38,1.3,1.4,0.9,0.3,1.4,1.7,2.1,1,0.1,1,1,5.7
422,Garrett Temple,SG,34,CHI,23,2,26.6,3,7.5,0.407,1.5,4.4,0.343,1.5,3,0.5,0.509,0.9,1.1,0.8,0.5,2.4,3,2.1,1.1,0.4,1.1,2.4,8.5
423,Tyrell Terry,PG,20,DAL,11,0,5.1,0.5,1.5,0.313,0,0.6,0,0.5,0.8,0.556,0.313,0.1,0.3,0.333,0,0.5,0.5,0.5,0.5,0,0.2,0.2,1
424,Daniel Theis,C,28,BOS,24,19,23.8,3.8,6.3,0.603,1,2.1,0.451,2.8,4.2,0.68,0.679,1,1.5,0.657,1.3,3.8,5.1,1.4,0.6,1,1,2.8,9.5
425,Brodric Thomas,SG,24,HOU,4,0,6,0.5,1.8,0.286,0.3,1.5,0.167,0.3,0.3,1,0.357,1.3,1.8,0.714,0.3,0.8,1,1,0.3,0.3,1,1.3,2.5
426,Matt Thomas,SG,26,TOR,13,0,6,0.8,2.1,0.407,0.7,1.5,0.45,0.2,0.5,0.286,0.574,0.3,0.3,1,0.1,0.5,0.6,0.5,0.2,0,0.3,0.4,2.7
427,Tristan Thompson,PF,29,BOS,22,19,22.5,2.8,5.7,0.492,0,0,0,2.8,5.7,0.496,0.492,1.3,2.1,0.609,2.9,5.6,8.5,1,0.3,0.4,1,2.3,6.9
428,Sindarius Thornwell,SG,26,NOP,9,1,5.3,0.4,1.2,0.364,0.2,0.6,0.4,0.2,0.7,0.333,0.455,0,0.2,0,0.1,0.2,0.3,0.2,0.4,0,0.1,0.3,1.1
429,Matisse Thybulle,SG,23,PHI,23,0,17.2,1.1,3.3,0.347,0.5,2,0.255,0.6,1.2,0.5,0.427,0.3,0.5,0.5,0.3,1,1.3,0.7,1.5,0.8,0.3,2,3
430,Xavier Tillman Sr.,PF,22,MEM,15,6,21.5,3.5,6.5,0.531,0.3,1.1,0.235,3.2,5.4,0.593,0.551,0.7,0.9,0.786,1.3,3.5,4.9,1.7,1,0.7,0.7,2.5,7.9
431,Obi Toppin,PF,22,NYK,16,0,11.7,1.8,4.1,0.446,0.5,1.8,0.276,1.3,2.3,0.583,0.508,0.4,0.6,0.7,0.3,2.2,2.5,0.5,0.2,0.4,0.6,0.8,4.6
432,Juan Toscano-Anderson,SG,27,GSW,13,7,21.2,2.6,4.7,0.557,0.8,1.7,0.455,1.8,3,0.615,0.639,0.3,0.6,0.5,0.8,4.2,5,2.1,0.5,0.7,1,2.2,6.3
433,Karl-Anthony Towns,C,25,MIN,5,5,32.6,7.4,15.6,0.474,1.6,4.6,0.348,5.8,11,0.527,0.526,4.8,5,0.96,3.6,8.4,12,4,0.6,2.2,2.6,2.8,21.2
434,Gary Trent Jr.,SG,22,POR,22,9,29.1,5.2,12.3,0.422,3.1,7.1,0.442,2,5.2,0.395,0.55,0.8,1.1,0.708,0.6,1.6,2.2,1.3,0.7,0.2,0.6,1.3,14.3
435,P.J. Tucker,PF,35,HOU,25,25,30,1.7,4.3,0.389,1,2.8,0.348,0.7,1.6,0.462,0.5,0.6,0.7,0.824,0.9,3.6,4.5,1.4,0.9,0.6,1,3,4.9
436,Myles Turner,C,24,IND,24,24,30.9,4.8,9.4,0.511,1.5,4.5,0.333,3.3,4.9,0.675,0.591,2.2,2.9,0.757,1.3,5.4,6.6,1,1.1,3.4,1.5,3.6,13.3
437,Jonas ValanÄiÅ«nas,C,28,MEM,15,14,27.2,6,10.8,0.556,0.4,1.2,0.333,5.6,9.6,0.583,0.574,3.3,4.2,0.778,3.3,7.9,11.1,1.9,0.8,0.9,2.3,3.3,15.7
438,Denzel Valentine,SG,27,CHI,20,3,19.1,3.3,8,0.415,1.9,4.8,0.389,1.5,3.2,0.453,0.531,0.1,0.1,1,0.3,3.5,3.8,1.8,0.8,0.1,0.6,1.2,8.6
439,Jarred Vanderbilt,PF,21,MIN,23,7,19.1,2.6,4.3,0.606,0,0.1,0.5,2.6,4.2,0.608,0.611,1,2,0.489,1.7,4.2,5.9,1.9,1.1,0.7,1,2.1,6.2
440,Fred VanVleet,SG,26,TOR,26,26,36.3,6.7,16.2,0.412,3.2,8.5,0.377,3.5,7.8,0.45,0.511,3.3,3.6,0.904,0.7,3.5,4.3,6.6,1.8,0.7,2,2.2,19.8
441,Devin Vassell,SF,20,SAS,24,1,18,2,5,0.408,1,2.5,0.407,1,2.5,0.41,0.508,0.8,0.9,0.857,0.6,2.8,3.4,1,1.2,0.3,0.5,1.3,5.8
442,Gabe Vincent,PG,24,MIA,16,5,17.4,2.5,7.1,0.354,1.1,4.4,0.243,1.4,2.7,0.535,0.429,0.9,1.1,0.882,0.2,1.1,1.3,1.6,0.4,0.1,1.1,2.1,7
443,Noah Vonleh,F,25,BRK,2,0,2,0,0,,0,0,,0,0,,,0,0,,0,0,0,0,0,0,0.5,1,0
444,Nikola VuÄeviÄ‡,C,30,ORL,26,26,33.6,9.3,19.6,0.475,2.6,6.2,0.42,6.7,13.3,0.501,0.542,2.1,2.6,0.821,2.2,9.4,11.6,3.5,1,0.6,1.7,1.8,23.3
445,Dean Wade,PF,24,CLE,20,0,8.7,0.7,2.1,0.333,0.5,1.4,0.321,0.3,0.7,0.357,0.44,0.1,0.1,1,0.2,0.9,1.1,0.5,0.3,0.1,0.5,0.8,2
446,Moritz Wagner,C,23,WAS,10,0,13.7,2.2,3.6,0.611,0.4,1.2,0.333,1.8,2.4,0.75,0.667,1.2,1.8,0.667,0.4,3.1,3.5,0.9,0.3,0.2,0.3,2.8,6
447,Kemba Walker,PG,30,BOS,11,11,27.6,5.2,14.9,0.348,2.5,7.3,0.338,2.7,7.6,0.357,0.43,2.7,3,0.909,0.6,3,3.6,4.2,1.1,0.2,1.9,1.5,15.5
448,Lonnie Walker,SG,22,SAS,23,22,27.3,4,10.1,0.397,1.6,4.4,0.363,2.4,5.7,0.423,0.476,1.1,1.4,0.788,0.2,2.9,3.1,1.7,0.5,0.4,1,2.1,10.7
449,John Wall,PG,30,HOU,16,16,30.6,6.9,15.6,0.444,2.1,5.6,0.367,4.9,10,0.488,0.51,3.1,4.3,0.725,0.6,3.3,3.9,6.1,0.9,0.7,3.3,1.4,19.1
450,Brad Wanamaker,PG,31,GSW,26,0,16.2,1.4,4.1,0.34,0.4,1.7,0.233,1,2.4,0.413,0.387,1.2,1.3,0.857,0.2,1.5,1.7,2.6,0.8,0.1,0.8,1.5,4.3
451,T.J. Warren,SF,27,IND,4,4,29.3,6.8,12.8,0.529,0,1.8,0,6.8,11,0.614,0.529,2,2.5,0.8,0.5,3,3.5,1.3,0.5,0,1,4,15.5
452,P.J. Washington,PF,22,CHO,24,24,28.8,4,9.6,0.42,1.1,3.3,0.329,3,6.3,0.467,0.476,2,2.7,0.738,1.7,4.9,6.5,3,0.9,1.3,2,2.7,11.2
453,Yuta Watanabe,SF,26,TOR,18,0,12.4,1,2.8,0.353,0.7,1.6,0.429,0.3,1.3,0.261,0.471,0.4,0.4,1,0.9,2.4,3.3,0.4,0.5,0.6,0.4,1.1,3.1
454,Tremont Waters,PG,23,BOS,8,1,10.6,0.8,3.1,0.24,0.4,1.4,0.273,0.4,1.8,0.214,0.3,0.6,0.8,0.833,0.3,0.8,1,2.9,0.6,0,1.6,0.8,2.5
455,Paul Watson,SF,26,TOR,13,0,3.2,0.7,1.1,0.643,0.6,0.8,0.727,0.1,0.2,0.333,0.929,0,0,,0.1,0.6,0.7,0.2,0,0.2,0.1,0.5,2
456,Quinndary Weatherspoon,SG,24,SAS,4,0,3.5,0,0.5,0,0,0,,0,0.5,0,0,0.5,0.5,1,0,0.3,0.3,0.8,0.3,0,1.3,0.3,0.5
457,Russell Westbrook,PG,32,WAS,15,15,32.9,7.3,17.5,0.416,1.5,4.5,0.343,5.7,13,0.441,0.46,3.6,5.4,0.667,1.5,7.5,9,8.9,0.8,0.4,4.9,2.9,19.7
458,Coby White,PG,20,CHI,24,24,33.4,5.5,13.8,0.403,2.5,6.8,0.362,3.1,7,0.443,0.492,2,2.3,0.87,0.4,4.3,4.7,5.4,0.4,0.1,2.4,2.4,15.5
459,Derrick White,SG,26,SAS,6,2,24.2,3.7,11,0.333,1.5,5.5,0.273,2.2,5.5,0.394,0.402,0.8,1,0.833,0.2,1.5,1.7,3.8,0.5,1.2,1.2,1.8,9.7
460,Hassan Whiteside,C,31,SAC,17,0,14.1,2.9,5.2,0.562,0,0.1,0,2.9,5.2,0.568,0.562,1.4,2.6,0.523,1.4,3.6,5,0.4,0.3,1.2,0.9,1.7,7.2
461,Andrew Wiggins,PF,25,GSW,26,26,32,6.7,14.3,0.469,1.9,5,0.374,4.8,9.3,0.521,0.535,2.3,3.4,0.663,1,3.7,4.7,2.2,0.6,1.3,1.6,2.5,17.6
462,Grant Williams,PF,22,BOS,21,6,19.2,2.1,4.5,0.463,1,2.4,0.44,1,2.1,0.489,0.579,0.7,1.3,0.519,1.1,2,3.1,0.9,0.4,0.5,1,3,5.9
463,Kenrich Williams,PF,26,OKC,24,3,16.6,2.3,4.3,0.549,0.5,1.3,0.433,1.8,3,0.597,0.613,0.4,0.7,0.625,1.4,2,3.4,1.3,0.7,0.2,0.7,1.5,5.6
464,Lou Williams,PG,34,LAC,24,0,20.8,3.8,9.1,0.417,1,2.6,0.397,2.8,6.5,0.426,0.475,2.4,2.8,0.866,0.4,1.9,2.3,3.3,0.8,0.1,1.4,1,11
465,Patrick Williams,PF,19,CHI,23,23,27.3,3.8,8.2,0.466,0.9,2.3,0.396,2.9,5.9,0.493,0.521,1.7,2.2,0.8,0.9,3.5,4.4,1,0.8,0.7,1.5,2.3,10.3
466,Robert Williams,C,23,BOS,18,0,14.9,2.6,3.6,0.723,0,0.1,0,2.6,3.6,0.734,0.723,0.7,0.9,0.765,2.2,3.2,5.4,0.7,0.9,1.2,1.1,1.5,5.9
467,Zion Williamson,PF,20,NOP,23,23,32.4,9.2,15.3,0.599,0.2,0.5,0.333,9,14.8,0.609,0.605,5.3,7.5,0.699,2.6,4.4,7,2.9,1,0.7,2.4,2.7,23.8
468,D.J. Wilson,PF,24,MIL,10,0,9.4,1.4,3.7,0.378,0.8,2.3,0.348,0.6,1.4,0.429,0.486,0.1,0.2,0.5,0.3,1.9,2.2,0.3,0.1,0.3,0.4,1.2,3.7
469,Dylan Windler,SF,24,CLE,13,0,16.6,1.9,3.9,0.49,0.8,2.5,0.303,1.2,1.4,0.833,0.588,1,1.2,0.867,0.6,2.8,3.4,0.9,0.7,0.5,1.2,1.2,5.6
470,Cassius Winston,PG,22,WAS,6,0,7.3,0.7,1.7,0.4,0.5,1.2,0.429,0.2,0.5,0.333,0.55,0.3,0.3,1,0,0.7,0.7,1,0,0.2,0.2,0.7,2.2
471,James Wiseman,C,19,GSW,20,16,21,4.9,9.8,0.503,0.5,1.1,0.409,4.5,8.7,0.514,0.526,1.9,3.1,0.623,1.5,4.6,6.1,0.7,0.4,1.3,1.6,3.2,12.2
472,Christian Wood,C,25,HOU,17,17,31.2,8.8,15.7,0.558,1.9,4.5,0.421,6.9,11.2,0.613,0.618,2.6,3.8,0.688,1.8,8.4,10.2,1.3,0.9,1.5,1.8,1.9,22
473,Robert Woodard,SF,21,SAC,6,0,2.8,1,1.8,0.545,0.2,0.5,0.333,0.8,1.3,0.625,0.591,0,0.3,0,0.5,0.8,1.3,0,0,0,0.2,0,2.2
474,Delon Wright,SG,28,DET,25,20,28.5,3.4,8.1,0.424,0.9,2.6,0.344,2.6,5.6,0.46,0.478,2,2.6,0.754,1.2,3.4,4.5,4.8,1.4,0.6,1.2,1.1,9.7
475,Thaddeus Young,PF,32,CHI,20,0,25.6,5.1,8.6,0.593,0.3,1,0.25,4.9,7.6,0.638,0.608,0.7,1.4,0.481,2.2,3.2,5.4,4.4,1.4,0.5,2,2.8,11.1
476,Trae Young,PG,22,ATL,22,22,34.8,7.5,18,0.419,2.4,6.4,0.369,5.2,11.6,0.447,0.485,9.1,10.3,0.889,0.8,3.4,4.2,9.5,0.7,0.3,4.3,2.1,26.6
477,Cody Zeller,C,28,CHO,13,10,24.2,3.9,8.1,0.486,0.2,1.2,0.133,3.8,6.9,0.544,0.495,1.5,2.1,0.741,2.8,4.9,7.7,2.6,0.8,0.5,0.8,2.5,9.5
478,Ivica Zubac,C,23,LAC,26,1,19.5,2.9,4.5,0.65,0,0,0,2.9,4.5,0.655,0.65,2,2.3,0.85,2.3,4.3,6.6,1,0.4,0.9,1,2.4,7.8
