RANK,FULL NAME,TEAM,POS,AGE,GP,MPG,MIN%,USG%,TO%,FTA,FT%,2PA,2P%,3PA,3P%,eFG%,TS%,PPG,RPG,TRB%,APG,AST%,SPG,BPG,TOPG,VI,ORTG,DRTG
1,Precious Achiuwa,Mia,F,21.4,24,15.4,32,19.3,16.3,63,0.54,106,0.585,0,0,0.585,0.591,6.6,4.3,15.6,0.7,7.4,0.42,0.58,1.08,7,109,98.4
2,Jaylen Adams,Mil,G,24.77,5,3.2,6.8,20.7,0,0,0,6,0.167,2,0,0.125,0.125,0.4,0.6,9.8,0.4,14,0,0,0,5.7,,
3,Steven Adams,Nor,C,27.57,23,29.4,61.3,12.9,20.5,55,0.473,138,0.594,1,0,0.59,0.582,8.3,9.3,17.2,2.4,11,1,0.57,1.83,7.8,116.2,108.3
4,Bam Adebayo,Mia,C-F,23.57,22,33.3,69.4,24.6,15.6,142,0.852,274,0.577,5,0.4,0.577,0.649,20.1,9.1,15.4,5,26.6,0.91,1.05,2.86,11.7,122.3,103.9
5,LaMarcus Aldridge,San,C-F,35.57,18,26.7,55.6,22.3,6.4,21,0.762,158,0.525,67,0.358,0.529,0.542,14.1,4.3,8.4,1.9,11.5,0.39,0.89,0.89,7.3,106.5,108.8
6,Ty-Shon Alexander,Pho,G,22.58,3,2.8,5.8,16.1,0,0,0,2,0,1,0,0,0,0,0.3,6.6,0.3,14.4,0,0,0,0,,
7,Nickeil Alexander-Walker,Nor,G,22.44,21,20.4,42.6,22.6,13.2,32,0.781,98,0.51,86,0.267,0.459,0.49,9.2,2.8,7.4,2.1,15.2,1.19,0.38,1.43,7.4,96.6,105.3
8,Grayson Allen,Mem,G,25.35,15,22,45.9,16.8,12.2,34,0.882,27,0.37,73,0.384,0.52,0.583,8.9,2.9,7.1,1.9,11.5,1,0.2,1.07,6.7,114.3,110.1
9,Jarrett Allen,Bro,C,22.81,12,26.6,55.5,15.4,19.3,61,0.754,65,0.677,0,0,0.677,0.73,11.2,10.4,21.7,1.7,8.3,0.58,1.58,1.83,8.8,133.9,107.2
10,Jarrett Allen,Cle,C,22.81,13,25.6,53.3,16.3,10.4,49,0.816,88,0.67,3,0.333,0.665,0.715,12.4,7.5,16.2,1.5,9.1,0.31,1.77,1,8.1,137.8,109.5
11,Al-Farouq Aminu,Orl,F,30.39,1,4.9,10.2,16.3,53.2,2,0,0,0,0,0,,0,0,1,10.6,1,25.3,0,0,1,0,,116.6
12,Kyle Anderson,Mem,F-G,27.4,20,28.2,58.7,20.2,11.5,48,0.771,128,0.516,89,0.371,0.532,0.563,13.4,6.4,12.2,3.8,18.9,0.7,0.75,1.55,9.8,113.2,108.5
13,Giannis Antetokounmpo,Mil,F,26.18,24,33.1,68.9,33.3,13.6,245,0.633,340,0.644,98,0.276,0.592,0.617,28.1,11.1,17.7,5.5,26.4,0.96,1.21,3.58,14.5,117.6,101
14,Kostas Antetokounmpo,Lal,F,23.23,1,7.7,16,22.6,50,0,0,2,0,0,0,0,0,0,4,29,0,0,0,2,2,0,0,86.2
15,Thanasis Antetokounmpo,Mil,F,28.57,16,9.3,19.3,12.4,34,7,0.571,19,0.789,7,0.286,0.692,0.688,2.5,1.9,11,0.9,12.2,0.31,0.19,0.94,7,109.1,96.4
16,Carmelo Anthony,Por,F,36.71,22,25.4,52.9,22.4,6.8,64,0.859,150,0.387,95,0.368,0.451,0.505,12.5,3.5,7.4,1.2,7.1,0.86,0.86,0.91,5.9,103.6,110.8
17,Cole Anthony,Orl,G,20.74,25,26.7,55.6,22,15.1,55,0.836,186,0.398,83,0.325,0.426,0.469,11,4.4,8.7,3.8,21.5,0.68,0.44,2.08,8.5,95.1,108.1
18,OG Anunoby,Tor,F,23.57,17,34.8,72.6,16.4,13.2,47,0.745,80,0.55,97,0.433,0.605,0.63,14.6,5.8,9.2,1.6,6.6,2.06,0.53,1.76,5.9,115.5,106.7
19,Ryan Arcidiacono,Chi,G,26.88,8,11.4,23.8,11.2,8.3,5,0.8,7,0.286,13,0.462,0.55,0.586,3.3,2.1,10.4,1.8,19.3,0.38,0,0.25,8.1,129.8,105.3
20,D.J. Augustin,Mil,G,33.26,24,17.2,35.9,16,13.3,27,0.963,47,0.277,78,0.397,0.476,0.53,6,1.3,3.8,2.7,18.8,0.46,0,0.88,6.4,114,113.2
21,Deni Avdija,Was,F,20.11,18,23,47.8,12.7,11,13,0.538,47,0.532,60,0.383,0.556,0.559,7,4.6,10.5,1.8,10.8,0.89,0.22,0.78,6.7,109.5,106.5
22,Deandre Ayton,Pho,C,22.56,24,32.3,67.3,19.2,15.6,58,0.724,241,0.598,14,0.214,0.582,0.604,14.1,12.5,21.4,1.9,8.9,0.29,1.08,2.17,8.6,115.3,99
23,Udoka Azubuike,Uta,C-F,21.4,12,4.1,8.5,11.1,23.7,6,0.667,7,0.571,0,0,0.571,0.622,1,1.1,14,0,0,0.08,0.33,0.25,0,106.5,92.6
24,Dwayne Bacon,Orl,G-F,25.45,25,23.8,49.5,19,5.7,42,0.738,171,0.427,61,0.377,0.463,0.491,9.8,3.2,6.9,1,6.3,0.64,0.08,0.6,5.3,100.5,109.3
25,Marvin Bagley III,Sac,F,21.92,24,25.1,52.3,22.8,11.5,67,0.493,188,0.511,67,0.373,0.524,0.527,12.5,7.3,15.8,0.9,5.5,0.5,0.46,1.54,6.9,101.4,108.1
26,LaMelo Ball,Cha,G,19.47,26,26.9,56.1,25,16.1,67,0.791,185,0.492,129,0.364,0.514,0.547,14.5,5.8,11.5,6.1,35.2,1.46,0.35,2.54,11.9,110.1,103.7
27,Lonzo Ball,Nor,G,23.29,21,30.7,64,20.2,13.4,23,0.739,100,0.5,155,0.374,0.537,0.549,13.9,4.4,7.9,4.7,21.9,1.33,0.52,1.95,8.6,109.7,107.9
28,Mo Bamba,Orl,C,22.75,9,6.5,13.6,28.5,7.6,3,0.667,25,0.76,10,0.3,0.671,0.675,5.4,3.1,24.9,0.3,11.9,0,0.67,0.33,10.5,125.1,93.1
29,Desmond Bane,Mem,G,22.63,20,22.8,47.5,17.2,12.4,17,0.824,70,0.486,85,0.482,0.616,0.631,10.3,2.7,6.3,1.6,9.8,0.7,0.15,1.15,6.2,114.5,108.4
30,Harrison Barnes,Sac,F,28.7,24,35.8,74.5,17.5,9.6,105,0.857,168,0.542,105,0.41,0.57,0.628,16.7,6.5,9.8,3.5,13.7,0.79,0.21,1.42,8.1,125.5,117.3
31,RJ Barrett,Nyk,F-G,20.66,26,34.8,72.5,24,10.8,106,0.736,298,0.477,94,0.287,0.466,0.505,17,6.3,9.6,3,14.3,0.69,0.19,2.04,7.9,101.3,105.5
32,Will Barton,Den,G,30.1,24,29.5,61.5,18.1,11.8,44,0.75,146,0.459,96,0.396,0.512,0.538,11.7,3.7,7.1,3.1,14.4,0.79,0.46,1.46,6.9,107.8,110.9
33,Keita Bates-Diop,San,F,25.05,7,2.7,5.6,18,0,2,1,5,0,2,0,0,0.127,0.3,0.3,5.5,0.3,12.4,0.14,0,0,4.4,,
34,Nicolas Batum,Lac,G-F,32.16,25,29.8,62.1,12.2,8.7,28,0.857,57,0.561,119,0.462,0.651,0.672,10.1,5,9.3,2.4,10.8,1.28,0.32,0.72,6.6,134.4,107.1
35,Aron Baynes,Tor,C-F,34.18,22,18.5,38.6,15.4,11.5,8,0.875,76,0.513,51,0.235,0.449,0.464,5.5,5.4,15.9,1,7.2,0.27,0.36,0.77,6.7,98.6,100.9
36,Kent Bazemore,Gol,G-F,31.62,23,15.5,32.2,15.9,18.6,23,0.826,53,0.585,46,0.435,0.616,0.646,6.1,3,10.2,1.6,14.6,0.78,0.52,1.09,8,112.6,97.5
37,Darius Bazley,Okc,F-G,20.67,24,31,64.5,19.7,13,52,0.75,149,0.483,122,0.279,0.454,0.485,11.9,7.6,12.8,1.6,7.5,0.42,0.75,1.83,6.8,89.9,109.5
38,Bradley Beal,Was,G,27.63,21,35.3,73.5,36.5,9.6,174,0.891,359,0.526,156,0.333,0.518,0.582,32.8,5,7.5,4.5,23.9,1.29,0.57,3,10.2,113.7,112.8
39,Malik Beasley,Min,G,24.21,25,32,66.6,25.4,7.4,69,0.855,212,0.514,206,0.383,0.544,0.573,20.6,5.2,8.6,2.5,13,0.76,0.2,1.44,8.1,112.6,114.3
40,Jordan Bell,Was,F,26.1,3,16.6,34.6,14.9,16.7,0,0,13,0.385,2,0,0.333,0.333,3.3,5.3,17,1.7,13.3,0.33,1,1,7.5,83.4,110.1
41,DeAndre' Bembry,Tor,G-F,26.61,16,12.4,25.8,12,19.7,4,0.75,31,0.581,12,0.583,0.663,0.67,3.8,1.6,6.9,1.6,18.4,0.69,0.25,0.69,6.9,124.1,107.1
42,Davis Bertans,Was,F,28.25,19,25.1,52.3,17.2,6.5,36,0.806,19,0.421,151,0.331,0.488,0.525,10.3,2.7,5.8,0.9,5.1,0.68,0.26,0.68,4.7,104.5,110.9
43,Patrick Beverley,Lac,G,32.58,17,25.2,52.5,13.5,9.2,23,0.783,38,0.395,71,0.408,0.537,0.567,7.9,4.4,9.7,2.1,10.8,0.94,0.76,0.71,6.6,120.7,98.8
44,Saddiq Bey,Det,F,21.84,22,18.8,39.2,18.4,9,34,0.824,50,0.36,96,0.375,0.493,0.534,7.8,3.1,9.3,0.7,5.9,0.45,0.05,0.73,5.5,103.7,108.7
45,Tyler Bey,Dal,F,23,4,3.2,6.6,23.4,0,4,0.5,5,0.4,0,0,0.4,0.444,1.5,0.8,12.9,0,0,0,0.25,0,0,,
46,Khem Birch,Orl,C,28.37,25,21.2,44.2,13.1,9.8,55,0.782,114,0.518,9,0.222,0.504,0.567,6.7,6,14.6,1.2,8.5,0.72,0.6,0.64,6.9,123.9,106.7
47,Goga Bitadze,Ind,C-F,21.57,11,10.9,22.7,17,8.5,12,0.75,26,0.769,12,0.167,0.605,0.635,5,2.6,13.3,0.2,2.4,0.27,1.27,0.36,5,122.1,94.8
48,Bismack Biyombo,Cha,C,28.46,24,22.4,46.6,12.1,15.1,44,0.455,109,0.569,1,0,0.564,0.557,6,6,14.3,1.3,8.2,0.25,1.25,0.96,6.4,112.8,104.6
49,Nemanja Bjelica,Sac,F,32.76,10,15.1,31.5,20.6,16.4,23,0.826,30,0.533,21,0.238,0.461,0.54,6.6,3.6,12.9,1.9,17.2,0,0.2,1.2,9.4,108,107.2
50,Eric Bledsoe,Nor,G,31.18,23,29.1,60.6,20.2,13.6,46,0.652,127,0.472,127,0.402,0.537,0.552,13.2,3.5,6.6,3.7,18.3,0.65,0.26,1.87,7.6,107.9,112.3
51,Keljin Blevins,Por,G,25.22,8,4.8,9.9,13.5,25,0,0,6,0.167,3,0,0.111,0.111,0.3,0,0,0.5,12.9,0.25,0,0.38,0,37.9,109.9
52,Bojan Bogdanovic,Uta,F,31.82,25,30.8,64.1,20.9,9.1,78,0.859,135,0.437,171,0.415,0.541,0.585,15.9,4,6.9,2.2,10.5,0.4,0.04,1.36,6.7,117,107.5
53,Bogdan Bogdanovic,Atl,G,28.48,9,23.7,49.3,18.5,11.8,9,0.889,20,0.45,58,0.362,0.519,0.543,9.9,3.8,8.5,2.1,13.2,0.44,0.11,1.22,7.2,105.3,105.7
54,Bol Bol,Den,C-F,21.24,12,5.4,11.3,14.6,22.9,2,0.5,10,0.5,6,0.333,0.5,0.504,1.4,0.8,7.9,0.2,4,0.08,0.33,0.42,4.5,79.2,105.6
55,Marques Bolden,Cle,C,22.82,6,4.8,9.9,12.9,23.5,8,0.625,3,0.333,0,0,0.333,0.537,1.2,1.2,13.6,0,0,0.33,0.33,0.33,0,98.9,114.2
56,Jordan Bone,Orl,G,23.27,14,14,29.2,12.4,5.3,0,0,22,0.591,32,0.313,0.519,0.519,4,1.7,6.4,1.3,13.3,0.14,0,0.21,5.9,113.3,112.2
57,Isaac Bonga,Was,G,21.26,16,14,29.2,8,16.2,3,0.667,13,0.385,22,0.409,0.529,0.537,2.4,2.4,9,0.6,5,0.25,0.25,0.44,4.3,103.5,109.1
58,Devin Booker,Pho,G,24.28,20,35.2,73.4,30.7,15.9,106,0.821,239,0.544,121,0.355,0.54,0.585,23.8,3.7,5.8,4.2,20.1,0.9,0.35,3.85,8.2,103.7,104.3
59,Chris Boucher,Tor,F-C,28.09,25,23.2,48.4,20.9,6,84,0.75,141,0.596,89,0.438,0.62,0.652,13.9,6.9,16.4,1,7.2,0.48,1.92,0.68,7.9,131.2,102.8
60,Brian Bowen II,Ind,F-G,22.36,1,5.1,10.6,20.7,0,1,1,2,0.5,0,0,0.5,0.615,3,1,10.8,0,0,0,0,0,0,127.1,116.2
61,Avery Bradley,Mia,G,30.21,10,21.1,43.9,16.7,11.4,9,0.778,28,0.536,38,0.421,0.591,0.607,8.5,1.8,4.8,1.4,10.4,0.7,0.1,0.9,5.3,109.4,102.2
62,Tony Bradley,Phi,C-F,23.09,9,12.8,26.7,13.9,2.6,5,0.6,34,0.529,1,0,0.514,0.524,4.3,5.6,23.5,0.7,7.4,0.33,0.67,0.11,8,128.6,99.2
63,Jarrell Brantley,Uta,F,24.68,6,3,6.3,19,12.5,0,0,2,0,5,0.6,0.643,0.643,1.5,0.5,8.7,0,0,0,0.17,0.17,0,,
64,Ignas Brazdeikis,Nyk,F,22.09,4,1.8,3.7,17.9,34.7,2,1,1,0,0,0,0,0.532,0.5,0.5,14.9,0.3,17.7,0,0,0.25,9.4,,
65,Miles Bridges,Cha,F,22.9,26,26.1,54.5,17,16.6,28,0.929,120,0.542,93,0.376,0.552,0.579,10,5.7,11.7,2,11,0.62,0.81,1.73,7.4,105.5,105.5
66,Mikal Bridges,Pho,F,24.45,24,33.6,69.9,16.2,6.2,60,0.817,126,0.611,121,0.397,0.603,0.635,14.5,5.5,8.9,2.2,9.6,0.58,1.04,0.75,6.7,128.1,108.1
67,Malcolm Brogdon,Ind,G,28.17,25,35.7,74.4,26,9.1,75,0.893,283,0.477,171,0.386,0.515,0.549,21.4,4,6.2,6.6,28.7,1.32,0.24,1.96,9.3,112.7,111.1
68,Dillon Brooks,Mem,G-F,25.06,20,29.1,60.6,27.1,11.8,42,0.762,183,0.443,127,0.307,0.45,0.473,15.6,3.5,6.5,2.8,14.1,1.3,0.45,2.2,7.3,94.3,105.5
69,Troy Brown Jr.,Was,G-F,21.54,11,16.2,33.8,14.9,10.9,10,0.5,23,0.435,30,0.3,0.443,0.453,4.7,3.5,11.3,1.1,9,0.18,0.18,0.64,6.5,95,108
70,Bruce Brown,Bro,G-F,24.49,23,18.5,38.6,13.9,14.5,24,0.708,86,0.663,21,0.19,0.589,0.608,6.2,4.5,13.4,1,6.9,0.57,0.35,0.87,6.6,115.9,105.7
71,Jaylen Brown,Bos,G-F,24.3,21,33.3,69.3,31.2,10.2,101,0.762,287,0.564,124,0.427,0.588,0.615,26.7,5.6,9.4,3.4,18.4,1.24,0.62,2.48,9.6,118.1,106.8
72,Moses Brown,Okc,C,21.33,7,4.5,9.3,23.7,5.8,14,0.5,10,0.7,0,0,0.7,0.65,3,2.1,25,0.4,16,0.14,0.57,0.14,12.1,135,95.1
73,Sterling Brown,Hou,G-F,26,22,20.6,43,14.2,9.2,8,1,54,0.537,80,0.425,0.597,0.611,7.6,3.7,9.4,1.7,12.2,1.09,0.23,0.64,7,120.7,101.6
74,Jalen Brunson,Dal,G,24.45,22,23.7,49.4,19.5,12,49,0.898,122,0.574,61,0.393,0.579,0.626,11.6,3.1,7.2,3.5,22.8,0.41,0,1.27,8.5,121.1,112.1
75,Thomas Bryant,Was,C-F,23.54,10,27.1,56.4,17.2,9.8,24,0.667,70,0.714,21,0.429,0.698,0.704,14.3,6.1,11.9,1.5,8.7,0.4,0.8,1.1,7.5,130.8,108.4
76,Reggie Bullock,Nyk,G-F,29.91,21,27.1,56.5,14.8,8.4,14,0.786,70,0.457,99,0.374,0.518,0.531,8.9,3.6,7,1.3,7,0.76,0.24,0.76,5.1,104.5,103.5
77,Trey Burke,Dal,G,28.25,25,18.1,37.6,19.5,7.5,27,0.852,87,0.494,87,0.391,0.54,0.568,8.4,1.2,3.5,1.6,13.3,0.8,0.08,0.6,5.6,111.9,109.6
78,Alec Burks,Nyk,G,29.57,14,26.2,54.5,21,9.8,41,0.805,67,0.388,72,0.458,0.543,0.586,13.1,4.6,9.2,2.3,13.7,0.93,0.36,1.21,7.9,115.4,103.4
79,Jimmy Butler,Mia,F,31.41,12,31.5,65.6,26.4,9.8,101,0.861,141,0.482,16,0.063,0.443,0.561,18.8,6.9,12.4,6.8,35.9,1.92,0.5,1.83,12.2,121.6,108.3
80,Bruno Caboclo,Hou,F,25.39,6,6.1,12.6,25.7,18.3,2,0.5,12,0.667,5,0,0.471,0.475,2.8,2.3,20.3,0.2,4.5,0,0.33,0.67,7.1,83.4,92.1
81,Devontae Cacok,Lal,F,24.34,1,2,4.2,21.7,0,0,0,1,1,0,0,1,1,2,0,0,0,0,0,0,0,0,,
82,Kentavious Caldwell-Pope,Lal,G,27.98,22,25.3,52.8,14,11.1,25,0.84,68,0.485,81,0.444,0.584,0.609,8.9,2.3,5.1,1.4,7.5,0.64,0.32,0.91,4.8,114.1,102.8
83,Facundo Campazzo,Den,G,29.89,21,12.1,25.1,15.3,16.8,17,0.765,20,0.35,47,0.362,0.485,0.524,3.7,0.6,2.9,1.7,17.6,0.81,0.14,0.71,5.1,106.1,100.3
84,Vlatko Cancar,Den,F,23.84,11,3,6.2,12,22.2,0,0,3,0,4,0,0,0,0,0.7,14,0,0,0.27,0.18,0.18,0,,
85,Clint Capela,Atl,C,26.74,21,29.2,60.9,19.5,11,67,0.537,221,0.552,0,0,0.552,0.559,13.3,14.2,25.8,1,5.8,0.76,2.29,1.48,7.9,114.4,100.7
86,Vernon Carey Jr.,Cha,F-C,19.96,3,2.1,4.4,26.3,0,2,0.5,2,0.5,1,0,0.333,0.387,1,1,25.5,0.3,23.3,0,0.33,0,12.8,,
87,Wendell Carter Jr.,Chi,C-F,21.83,14,26.9,56.1,19.8,15.3,62,0.726,107,0.57,15,0.267,0.549,0.6,12.8,8,16.5,2.4,12.7,0.64,0.64,1.93,9.3,115.9,103.3
88,Jevon Carter,Pho,G,25.41,21,12,25,13.6,5.2,2,1,23,0.478,49,0.286,0.444,0.453,3.1,1.5,6.8,1.1,12.9,0.48,0.29,0.19,5.7,101.9,101.3
89,Michael Carter-Williams,Orl,G,29.34,7,22.8,47.5,14.8,16.2,6,0.833,32,0.438,12,0.083,0.352,0.386,5.1,5.1,11.7,1.7,10.6,0.57,0.57,1.29,6.2,87.8,103.5
90,Alex Caruso,Lal,G,26.95,19,18.7,38.9,13.7,20.6,8,0.875,43,0.442,42,0.476,0.576,0.593,5.5,2.3,6.9,2.1,14.5,1.05,0.16,1.21,6.4,107.5,98.8
91,Willie Cauley-Stein,Dal,C,27.49,24,17.7,36.9,12.8,11.2,42,0.619,88,0.659,4,0.25,0.647,0.656,6,4.7,14.3,0.8,6.1,0.38,0.71,0.58,6.4,127.6,100.9
92,Chris Chiozza,Bro,G,25.23,11,9.1,19,23.2,14.9,11,0.818,24,0.292,17,0.294,0.354,0.414,3.5,0.9,5.5,2.3,32.5,0.36,0.18,0.73,8.5,97.3,111.3
93,Marquese Chriss,Gol,F,23.61,2,13.4,27.8,28.1,11.3,4,0.5,9,0.444,5,0.2,0.393,0.412,6.5,6.5,25.3,1,11.2,0,1,1,10.4,87.2,96.6
94,Brandon Clarke,Mem,F-G,24.4,17,28.3,59,20,4.8,32,0.594,168,0.536,34,0.265,0.512,0.523,13.3,5.8,11.1,1.6,8.7,1.24,0.71,0.65,7,110.5,109.3
95,Gary Clark,Orl,F,26.24,22,20.9,43.6,9.2,12.1,7,0.857,13,0.462,71,0.254,0.393,0.413,3.3,3.5,8.7,0.9,5.5,0.36,0.23,0.55,4.2,93.8,111.7
96,Jordan Clarkson,Uta,G,28.68,25,25.5,53.1,28,10.9,39,0.974,151,0.556,201,0.378,0.563,0.588,17.4,4.3,8.8,1.9,12.4,0.84,0.28,1.8,8.2,112.2,104.8
97,Amir Coffey,Lac,G-F,23.66,16,5.7,11.9,15.5,9.4,7,0.286,14,0.429,12,0.333,0.462,0.447,1.6,0.4,4.3,0.4,8.7,0.19,0,0.19,4.5,93.8,107
98,John Collins,Atl,F-C,23.39,24,31.9,66.5,20.9,8.8,69,0.841,227,0.617,86,0.407,0.615,0.645,18.5,7.8,13,1.6,8.7,0.5,1.04,1.38,7.7,124.6,103.1
99,Mike Conley,Uta,G,33.34,23,29.3,61.1,23.3,12.6,65,0.815,135,0.496,156,0.41,0.56,0.593,16.5,3.7,6.5,5.8,30.4,1.39,0.09,2,9.7,123.1,104.6
100,Pat Connaughton,Mil,G,28.1,22,17.8,37,11.8,3.6,8,0.625,32,0.5,71,0.394,0.563,0.568,5.5,3.7,11.1,1.4,9.2,0.55,0.36,0.18,6.9,127.6,106.3
101,Quinn Cook,Lal,G,27.89,13,3.4,7.1,22.8,8.6,5,0.8,9,0.444,10,0.4,0.526,0.566,1.8,0.3,5,0.3,13.1,0.08,0,0.15,6.4,,
102,DeMarcus Cousins,Hou,C,30.5,21,19.2,39.9,24.1,15.4,50,0.72,76,0.382,94,0.319,0.435,0.479,8.8,7.4,20.3,2.4,18.7,0.86,0.76,1.67,11.2,96.8,90.4
103,Robert Covington,Por,F,30.16,21,31.2,65,12.4,13.2,16,0.938,45,0.444,113,0.301,0.449,0.476,7.5,6.1,10.4,1.9,7.8,1.67,0.57,1.19,5.7,97.7,107.6
104,Torrey Craig,Mil,F,30.15,12,11.9,24.8,10.8,10.8,2,0.5,17,0.529,15,0.4,0.563,0.563,3.1,2.9,12.9,0.9,9.2,0.58,0.42,0.33,6.7,121.9,97.8
105,Jae Crowder,Pho,F,30.6,21,27.7,57.7,16.5,7.9,33,0.848,44,0.455,140,0.343,0.5,0.534,10.1,5,10,2.2,11,0.9,0.1,0.81,6.9,108.2,103.4
106,Jarrett Culver,Min,G-F,21.98,16,21.2,44.2,18.1,14.3,33,0.606,80,0.538,31,0.258,0.495,0.518,8.1,5,12.6,0.9,6.5,0.69,0.38,1.31,6.3,99,106
107,Seth Curry,Phi,G,30.47,18,27.5,57.2,16.5,11.3,30,1,84,0.5,75,0.507,0.623,0.662,12.7,1.8,3.6,2.6,13.6,0.89,0.33,1.22,5.7,124.8,107.6
108,Stephen Curry,Gol,G,32.91,25,33.7,70.3,32.3,12.3,140,0.929,221,0.561,282,0.429,0.607,0.656,29.6,5.4,8.3,5.9,31.1,1.16,0.08,3.16,11.6,119.8,107.8
109,Anthony Davis,Lal,F-C,27.92,21,33.6,70,27.1,9.5,120,0.7,291,0.57,54,0.315,0.555,0.587,22.2,8.6,14.2,3.2,15.8,1.43,1.9,2,10.1,115.6,99.8
110,Ed Davis,Min,C-F,31.69,19,13.9,29,8.3,11.4,8,0.875,43,0.419,0,0,0.419,0.462,2.3,5.1,19.5,1,9.4,0.53,0.53,0.32,6.5,120.3,95.7
111,Terence Davis,Tor,G,23.74,19,14.3,29.8,21.9,13.6,10,0.9,49,0.531,67,0.403,0.573,0.59,7.5,1.8,6.9,0.8,9.2,0.58,0.16,1,6.2,104.1,102.3
112,DeMar DeRozan,San,G-F,31.52,23,33.7,70.1,23.5,9,158,0.892,272,0.511,45,0.333,0.509,0.6,20.2,5.1,7.8,6.7,30.5,0.74,0.35,1.65,10.5,124.4,108.7
113,Hamidou Diallo,Okc,G,22.54,24,23.3,48.6,23.3,11.6,101,0.663,188,0.559,33,0.273,0.536,0.573,12.7,5.3,11.7,2.4,16.8,1,0.38,1.46,9.3,110.4,101.4
114,Gorgui Dieng,Mem,C,31.07,17,18.6,38.8,16.2,16.5,27,0.852,51,0.569,38,0.5,0.646,0.684,8.1,5.2,15.1,1.5,11.3,0.94,0.76,1.18,8.6,124.3,102.8
115,Spencer Dinwiddie,Bro,G,27.85,3,21.4,44.7,15.8,21.2,6,1,9,0.444,7,0.286,0.438,0.536,6.7,4.3,11.2,3,17.6,0.67,0.33,1.67,8.3,101.4,109.1
116,Donte DiVincenzo,Mil,G,24.03,25,25.8,53.7,16.4,11.9,17,0.706,97,0.443,118,0.407,0.535,0.544,9.7,4.5,9.2,2.6,12.8,1.32,0.24,1.2,7.5,110.9,107.4
117,Luka Doncic,Dal,F-G,21.95,25,35.1,73.1,35.7,14.8,203,0.788,343,0.539,178,0.309,0.513,0.569,27.8,8.8,13.5,9.3,47.1,1.08,0.68,4.24,15,111.6,109.1
118,Luguentz Dort,Okc,G,21.82,23,29,60.5,18.2,10.4,48,0.771,104,0.51,126,0.333,0.504,0.536,11.7,3.3,6,1.4,7.1,0.87,0.26,1.26,5.2,101.2,106.4
119,Damyean Dotson,Cle,G,26.77,21,20.9,43.5,17.7,9.5,24,0.667,73,0.562,79,0.291,0.497,0.514,8,1.6,4.3,2.3,16.9,0.48,0.14,0.81,5.9,105.4,114.2
120,Devon Dotson,Chi,G,21.53,1,9.5,19.8,17.8,0,0,0,4,0.5,0,0,0.5,0.5,4,1,5.9,0,0,0,0,0,0,97.8,108.4
121,Sekou Doumbouya,Det,F,20.14,23,13,27.1,17.6,13.1,23,0.739,57,0.404,39,0.256,0.396,0.438,4,2.3,9.9,0.6,6.5,0.39,0.09,0.7,5.4,87.2,103.4
122,PJ Dozier,Den,G-F,24.3,17,19.4,40.5,15.5,11,25,0.72,57,0.509,37,0.405,0.548,0.576,7.1,4.1,12.1,1.4,9.3,0.59,0.59,0.76,7.1,115.9,106.4
123,Goran Dragic,Mia,G,34.77,17,26.5,55.3,26.4,19.1,47,0.809,117,0.521,78,0.359,0.528,0.566,14.4,3.1,6.5,5.3,33.8,0.53,0.12,3,9.3,103.5,104.9
124,Andre Drummond,Cle,C,27.51,24,29.4,61.2,31.1,15.8,126,0.595,364,0.486,8,0,0.476,0.502,17.9,13.9,26.2,2.6,15.8,1.63,1.21,3.33,11.8,97.2,99.4
125,Jared Dudley,Lal,F,35.59,6,3.6,7.5,2,0,0,0,0,0,1,1,1.5,1.5,0.5,1,15.4,0.2,5.6,0,0,0,5.2,,
126,Kevin Durant,Bro,F,32.37,18,35.9,74.8,31,13.5,141,0.872,233,0.567,107,0.449,0.6,0.66,29.5,7.4,11.5,5.2,23.6,0.78,1.39,3.5,11.6,120.1,109.3
127,Anthony Edwards,Min,G,19.52,25,27,56.2,25.2,9.9,56,0.804,201,0.418,139,0.324,0.446,0.477,13.9,3.3,6.5,2.2,12.5,0.76,0.32,1.6,6.9,95.1,114.3
128,Carsen Edwards,Bos,G,22.92,10,11.9,24.8,19.1,5.7,7,0.857,23,0.609,24,0.333,0.553,0.579,5.8,1.3,6.1,0.5,6.2,0.4,0.1,0.3,5.2,116.5,104.4
129,CJ Elleby,Por,F-G,20.66,10,8.4,17.5,15.7,6.5,9,0.667,10,0.9,15,0.267,0.6,0.622,3.6,1.2,7.5,0.3,5.2,0.3,0.3,0.2,5.2,125.6,101.6
130,Wayne Ellington,Det,G,33.2,17,23.2,48.4,17.1,8.3,12,0.75,33,0.515,106,0.491,0.683,0.69,11.7,2.1,5,1.1,7.5,0.47,0.18,0.76,5.2,124.9,112
131,Joel Embiid,Phi,C-F,26.91,20,32,66.6,33,13.4,228,0.855,272,0.585,62,0.371,0.579,0.67,29.1,11,18.6,2.9,15.4,1.4,1.25,3.35,12.2,123.9,99.4
132,James Ennis III,Orl,F,30.62,18,21.1,44,12.8,14.9,26,0.846,53,0.509,33,0.424,0.558,0.606,6.6,3.4,8.5,1.3,8.7,0.83,0.33,0.94,5.8,114.5,104.7
133,Drew Eubanks,San,F-C,24.03,9,12.5,26,15.7,7.3,12,0.75,33,0.394,0,0,0.394,0.457,3.9,3.2,13.3,0.4,4.8,0.11,1.56,0.33,5.5,95.5,104.2
134,Dante Exum,Cle,G,25.58,6,19.4,40.3,12.6,20.7,2,0.5,15,0.533,11,0.182,0.423,0.428,3.8,2.8,8.1,2.2,15.5,0.67,0.33,1.17,5.9,86.2,108.2
135,Tacko Fall,Bos,C,25.17,4,10.4,21.7,11.1,9.3,4,0.5,8,0.625,0,0,0.625,0.615,3,4,21.3,0,0,0,2,0.25,0,126.2,98.3
136,Derrick Favors,Uta,F,29.58,23,16.4,34.3,14,10.6,38,0.763,92,0.598,1,0,0.591,0.633,6,5.7,18.1,1,8.7,0.52,1.13,0.57,7.9,133.9,92.2
137,Cristiano Felicio,Chi,F-C,28.6,5,7.4,15.4,12.1,28.5,8,0.625,4,0.75,0,0,0.75,0.731,2.2,2.2,16.6,1,17,0.4,0,0.6,9.1,132.8,106.1
138,Terrance Ferguson,Phi,G,22.74,6,3.7,7.7,7.5,25,0,0,0,0,3,0,0,0,0,0.2,2.4,0.3,10.4,0,0,0.17,0,,
139,Bruno Fernando,Atl,F-C,22.49,12,9.1,18.9,13.6,34.4,11,0.636,16,0.438,2,0,0.389,0.46,1.8,3.7,21.5,0.6,8.6,0.17,0.08,1,7,84.7,98.9
140,Yogi Ferrell,Cle,G,20,2,20.3,42.2,26.6,12.1,2,0,12,0.417,9,0.333,0.452,0.434,9.5,3,8.2,2.5,20.2,1.5,0.5,1.5,8.2,90.3,105
141,Dorian Finney-Smith,Dal,F,27.78,17,30.2,62.9,12.1,7.7,12,0.833,41,0.585,85,0.341,0.536,0.552,8.5,4.9,8.8,1.3,5.8,1,0.41,0.65,5,114.1,108.6
142,Malachi Flynn,Tor,G,22.76,13,8.1,16.9,18.1,8.9,4,0.5,16,0.375,23,0.217,0.346,0.356,2.2,0.7,4.7,1.2,20.7,0.31,0,0.31,6.1,86.7,108.1
143,Bryn Forbes,Mil,G,27.56,25,17.4,36.3,19,9.1,17,0.706,68,0.515,104,0.49,0.648,0.655,9.4,1.1,3.4,0.5,4,0.24,0,0.72,4,117.7,109.9
144,Trent Forrest,Uta,G,22.67,2,4.4,9.2,4.3,0,2,1,0,0,0,0,,1.136,1,0,0,0.5,13.4,0.5,0,0,0,,85.1
145,Evan Fournier,Orl,G-F,28.29,14,28.4,59.3,25.7,12.1,75,0.8,90,0.533,88,0.352,0.531,0.59,17.8,2.5,4.6,3.6,21.1,1,0.43,2.07,7.6,113.4,108.4
146,De'Aaron Fox,Sac,G,23.15,24,33.2,69.2,30.7,13.4,158,0.684,299,0.528,129,0.357,0.53,0.565,23.4,3.4,5.5,6.7,32.7,1.21,0.5,3.21,9.8,110.6,113.1
147,Tim Frazier,Mem,G,20,3,10.8,22.6,14.3,27.3,0,0,6,0.333,2,0,0.25,0.25,1.3,1.3,6.7,2.3,26.4,0.33,0,1,5.8,68.5,103
148,Markelle Fultz,Orl,G,22.71,8,26.9,56,25.8,13.8,19,0.895,88,0.42,16,0.25,0.413,0.458,12.9,3.1,6.1,5.4,32.5,0.88,0.25,2.25,8.9,96.5,107.9
149,Wenyen Gabriel,Nor,F,23.88,3,3.3,6.9,12.8,0,0,0,2,0,1,0,0,0,0,1.3,21.9,0.3,11.6,0,0,0,0,,
150,Daniel Gafford,Chi,F-C,22.37,22,14.6,30.5,13.2,13.9,35,0.657,71,0.69,0,0,0.69,0.7,5.5,3.4,12.8,0.7,6.4,0.5,1.27,0.64,6.5,132.7,101.5
151,Danilo Gallinari,Atl,F,32.51,12,18.4,38.3,22.8,13.5,40,0.975,37,0.459,48,0.354,0.5,0.604,10.3,2.6,7.5,1.3,11,0.08,0.08,1.33,7.1,113.6,107.1
152,Langston Galloway,Pho,G,29.18,21,11.6,24.2,15.8,8.1,16,1,30,0.467,42,0.476,0.611,0.658,5,1.1,5.4,0.7,8.8,0.19,0,0.33,5.4,126.1,109.9
153,Darius Garland,Cle,G,21.04,18,32.1,66.9,22.8,14.7,28,0.893,176,0.477,72,0.403,0.514,0.538,15.6,2.3,4,5.5,27.9,0.94,0.17,2.5,7.3,104.9,111.2
154,Marc Gasol,Lal,C,36.04,26,19.4,40.4,10.2,19.5,25,0.88,39,0.462,45,0.311,0.464,0.526,3.8,4.3,12.3,1.9,12.3,0.42,1.27,0.88,6.5,108.6,94.9
155,Rudy Gay,San,F-G,34.49,24,22.3,46.4,22.8,9.8,42,0.762,135,0.459,103,0.379,0.506,0.532,11.4,5.4,12.5,1.5,9.8,0.67,0.54,1.17,8.1,102.3,103.3
156,Paul George,Lac,F,30.78,20,34,70.8,28.6,16.4,84,0.905,174,0.534,157,0.478,0.621,0.662,24.4,6.2,10.3,5.5,26,1.2,0.45,3.6,11.1,118.8,106.3
157,Taj Gibson,Nyk,F,35.64,4,12.2,25.5,9.8,9.2,2,0,7,0.571,2,0.5,0.611,0.557,2.8,2,8.6,1,11.8,0,0.25,0.25,5.8,126.5,99.3
158,Harry Giles III,Por,F-C,22.81,19,11.2,23.3,14.3,18.2,12,0.667,45,0.422,8,0.375,0.443,0.472,2.9,4.5,21.1,0.9,11.5,0.21,0.42,0.68,8.1,102,99.1
159,Shai Gilgeous-Alexander,Okc,G-F,22.59,21,33.8,70.3,27.5,13.8,131,0.771,228,0.561,102,0.382,0.565,0.611,22.6,5.6,8.6,6.5,33,0.86,0.67,2.95,11.1,116.1,108.2
160,Anthony Gill,Was,F,28.32,10,6.5,13.6,9.4,20.3,4,0.75,3,0.667,7,0.143,0.35,0.425,1,1.9,15.4,0.3,5.7,0.3,0.2,0.3,5.1,88.4,111.6
161,Rudy Gobert,Uta,C,28.63,25,30,62.4,18.1,13.7,133,0.541,213,0.62,0,0,0.62,0.619,13.4,13.6,23.8,1.4,6.8,0.4,2.72,1.72,8.5,120.6,98.6
162,Brandon Goodwin,Atl,G,25.36,20,12.4,25.7,18.4,9.4,20,0.75,42,0.357,46,0.239,0.358,0.403,3.9,1.2,4.9,1.8,20.5,0.45,0,0.5,6.6,93.9,107.4
163,Aaron Gordon,Orl,F,25.41,19,29.1,60.5,23.2,17.6,80,0.613,129,0.465,84,0.369,0.5,0.528,13.8,7.2,12.9,4.2,22.3,0.74,0.84,2.79,10.3,101.1,107.6
164,Eric Gordon,Hou,G,32.13,19,28.8,60,25.6,11.6,79,0.823,110,0.591,145,0.366,0.567,0.611,18.6,2.4,4.3,2.3,13.2,0.58,0.53,2,6.5,111.7,110.4
165,Devonte' Graham,Cha,G,25.97,23,33.6,70,19.6,9,71,0.775,101,0.337,191,0.356,0.466,0.506,14.2,3,4.8,5.9,24.6,1.09,0,1.39,7.5,110.7,113
166,Jerami Grant,Det,F,26.92,24,36.3,75.6,26.1,6.4,155,0.871,269,0.487,157,0.395,0.526,0.59,24.3,5.5,8.5,3,14.7,0.79,1.13,1.42,8.1,119.5,108.6
167,Danny Green,Phi,G,33.64,25,27.9,58.1,14.5,14.1,14,0.714,49,0.469,152,0.362,0.525,0.533,8.8,3.6,7.1,2,9.4,1.04,0.72,1.36,5.7,103.6,107.3
168,Draymond Green,Gol,F,30.94,21,28.4,59.1,13,32.3,27,0.704,71,0.437,41,0.195,0.384,0.424,5,5.4,9.9,7.8,34.9,1.33,0.48,2.81,8.4,95.9,100.7
169,JaMychal Green,Den,F-C,30.64,20,21.1,43.9,20,11.3,31,0.839,74,0.473,85,0.447,0.579,0.608,10.5,6.3,16.9,1,6.3,0.6,0.15,1.1,7.7,117.3,101.6
170,Javonte Green,Bos,G-F,27.56,13,16.3,34,12.8,12.6,19,0.632,31,0.613,16,0.25,0.532,0.56,4.8,2.8,9.4,0.6,5,0.77,0.08,0.62,4.9,113.2,109.7
171,Jeff Green,Bro,F,34.46,27,26,54.2,13.3,11.1,39,0.821,78,0.59,98,0.418,0.611,0.639,9.1,3.6,7.7,1.3,6.7,0.7,0.22,0.89,5.4,118.4,109.7
172,Josh Green,Dal,G,20.24,17,12.5,26,10.7,21.2,11,0.545,24,0.625,12,0.167,0.5,0.514,2.5,2.2,9.7,0.6,6.9,0.24,0.06,0.65,4.8,98.6,110.8
173,Blake Griffin,Det,F,31.91,18,31,64.6,19.4,11.9,55,0.691,86,0.43,112,0.313,0.452,0.488,12.1,5.4,9.7,3.6,17.8,0.78,0.17,1.67,8,99.4,108.8
174,Kyle Guy,Sac,G,23.51,8,8.5,17.8,18.5,3.4,6,0.833,12,0.333,14,0.286,0.385,0.436,3.1,1.4,8.7,1.5,23.4,0.38,0,0.13,8.8,110.9,112.6
175,Rui Hachimura,Was,F,23.01,15,29,60.3,18.9,8.1,58,0.741,117,0.487,40,0.35,0.497,0.545,13.3,5.4,9.9,2.1,10.3,0.47,0.13,1.07,7.3,111.6,113.1
176,Ashton Hagans,Min,G-F,21.6,2,2.1,4.3,10.2,100,0,0,0,0,0,0,,,0,0,0,0,0,0,0,0.5,0,,
177,Tyrese Haliburton,Sac,G,20.95,22,29.4,61.2,15.9,13.7,15,0.867,90,0.544,112,0.455,0.621,0.633,12,3.6,6.6,5.3,25.3,1.23,0.68,1.5,8.3,125.8,116.6
178,Josh Hall,Okc,F,20.34,7,7.3,15.2,21.2,15.9,7,0.429,10,0.3,8,0.125,0.25,0.285,1.7,1.3,9.2,1,18.4,0,0,0.57,7.1,65.5,101.5
179,R.J. Hampton,Den,G,20.01,17,6.4,13.4,14.2,22.3,2,1,21,0.429,6,0.5,0.5,0.52,1.7,1.6,14.6,0.5,9.5,0.29,0.12,0.47,6.9,98.8,107.6
180,Tim Hardaway Jr.,Dal,G-F,28.91,25,31.1,64.7,22,5.9,63,0.778,142,0.507,198,0.399,0.56,0.585,17.2,3.4,5.9,1.7,8.4,0.72,0.16,0.92,6,112.7,113.8
181,James Harden,Hou,G,31.46,8,36.3,75.5,28.8,16.9,60,0.883,64,0.547,72,0.347,0.533,0.61,24.8,5.1,7.5,10.4,46.3,0.88,0.75,4.13,12.1,118.8,108.6
182,James Harden,Bro,G,31.46,13,39,81.2,24.7,19.3,95,0.895,104,0.587,89,0.36,0.565,0.645,23.3,8.1,11.5,11.3,41.1,1.08,0.77,4.31,13.2,123.7,109
183,Maurice Harkless,Mia,F-G,27.76,9,10.6,22.2,6,15.5,2,0,2,0,8,0.5,0.6,0.551,1.3,0.9,4.7,0.6,7,0.22,0.22,0.22,3.4,101.3,103.6
184,Jared Harper,Nyk,G,23.41,2,2.7,5.5,24,34.7,2,1,1,0,0,0,0,0.532,1,0,0,0,0,0,0,0.5,0,,
185,Montrezl Harrell,Lal,F-C,27.04,26,25.2,52.5,19.3,11,85,0.741,218,0.661,4,0,0.649,0.677,13.5,6.3,13.9,1.1,6.6,0.73,0.73,1.23,7.2,128.2,98.2
186,Gary Harris,Den,G,26.41,18,30.7,64,13.8,7.4,30,0.733,78,0.564,72,0.333,0.533,0.558,10.1,2.5,4.6,1.7,7.4,0.94,0.22,0.72,4.6,114.5,112.1
187,Jalen Harris,Tor,G,22.5,2,2.2,4.6,9.7,100,0,0,0,0,0,0,,,0,0.5,12.5,0,0,0,0,0.5,0,,
188,Joe Harris,Bro,G-F,29.43,27,31.3,65.3,16.1,6.6,19,0.632,105,0.571,182,0.489,0.674,0.675,14.8,3.5,6.2,2,9,0.48,0.22,0.78,6,127.6,111.4
189,Shaquille Harrison,Uta,G,27.35,14,3.7,7.6,22.3,18.8,6,0.833,18,0.333,1,0,0.316,0.393,1.2,0.6,8.2,0.5,18.7,0.14,0,0.36,7.7,,
190,Tobias Harris,Phi,F,28.58,22,34,70.8,23.4,12,64,0.875,242,0.545,96,0.438,0.577,0.609,20.3,7.5,12,2.9,13.6,0.82,0.86,2.27,9,114.6,104.7
191,Isaiah Hartenstein,Den,C-F,22.77,15,8.9,18.6,23.2,19.6,24,0.583,47,0.489,0,0,0.489,0.521,4,3.1,20,0.6,9.5,0.4,0.8,0.93,8.8,103.3,86.9
192,Josh Hart,Nor,G,25.94,24,27.9,58.1,12.2,9.4,42,0.714,62,0.597,93,0.355,0.558,0.585,8.5,7.8,15.3,2,9.5,0.83,0.17,0.75,7.3,121.5,105.5
193,Jaxson Hayes,Nor,C-F,20.72,19,12.2,25.4,13.9,17.2,24,0.667,52,0.635,0,0,0.635,0.655,4.3,3.6,16,0.5,5.4,0.32,0.37,0.68,6.5,120.2,98.8
194,Killian Hayes,Det,G,19.55,7,21.1,44,18.6,26.6,2,0.5,26,0.308,20,0.25,0.337,0.341,4.6,1.1,3,3.6,24.4,0.29,0,2.43,5,69.9,108.6
195,Gordon Hayward,Cha,F,30.89,25,35.5,73.9,24.7,9.9,116,0.862,282,0.532,129,0.426,0.566,0.611,22.6,5.3,8,3.8,17.6,1.2,0.44,2.04,8.7,117.6,110.4
196,Juancho Hernangomez,Min,F,25.37,12,19.4,40.3,14.9,6.1,14,0.643,30,0.5,41,0.317,0.486,0.505,6.5,5.2,14.2,0.6,4.2,0.42,0.17,0.42,5.6,105.9,112.4
197,Willy Hernangomez,Nor,C-F,26.71,9,15,31.3,15.1,6.2,16,0.563,35,0.629,3,0,0.579,0.588,5.9,5.1,18.6,1.2,11.6,0.56,0.56,0.33,8.8,130.2,107.7
198,Tyler Herro,Mia,G,21.06,17,33.8,70.4,23.9,14.6,44,0.795,146,0.521,98,0.347,0.52,0.549,17,6.1,10.1,3.9,19.3,0.41,0.29,2.65,8.8,100.1,109.2
199,Buddy Hield,Sac,G,28.15,24,35,73,20.7,11.2,43,0.86,92,0.37,252,0.373,0.509,0.533,16.1,4.9,7.6,3,11.9,0.92,0.38,1.92,7.1,102.4,112.6
200,George Hill,Okc,G,34.78,14,26.3,54.9,16.9,9,25,0.84,63,0.619,57,0.386,0.6,0.63,11.8,2.1,4.1,3.1,17.8,0.93,0.14,0.93,6.5,123.6,112.9
201,Solomon Hill,Atl,F,29.9,24,19.1,39.7,11.3,10.7,8,0.75,22,0.455,83,0.349,0.51,0.521,4.7,2.4,6.6,0.8,6,0.63,0.25,0.54,4.4,103.5,106.7
202,Nate Hinton,Dal,G-F,21.68,6,3.1,6.5,37.3,12.6,2,0.5,8,0.25,5,0.2,0.269,0.288,1.3,0,0,0,0,0.17,0.17,0.33,0,,
203,Aaron Holiday,Ind,G,24.37,25,19.8,41.3,18.7,9.3,19,0.737,102,0.373,84,0.321,0.422,0.44,6.8,1.3,3.7,2,13.6,0.52,0.12,0.8,5.3,91.8,108.7
204,Jrue Holiday,Mil,G,30.67,23,32.5,67.6,19.8,9.9,43,0.791,188,0.569,112,0.384,0.572,0.591,16.4,4.8,7.8,5.4,22.3,1.91,0.61,1.52,9.3,123.5,107.4
205,Justin Holiday,Ind,F-G,31.86,25,31.7,65.9,12.9,7.2,35,0.771,67,0.582,137,0.431,0.625,0.643,11.3,4.2,7.2,1.5,6.4,1.24,0.36,0.68,5.2,123.3,107.8
206,Richaun Holmes,Sac,F,27.33,23,30.1,62.8,15.4,13.2,55,0.782,188,0.665,5,0.2,0.655,0.681,12.9,8,14.3,1.8,8.8,0.65,1.74,1.43,7.6,128.5,104.8
207,Rodney Hood,Por,G-F,28.31,20,19,39.6,14.3,11.8,5,0.6,67,0.388,43,0.326,0.427,0.432,4.9,1.7,4.6,1.4,9.6,0.75,0.1,0.75,4.8,89.1,112.6
208,Al Horford,Okc,C-F,34.69,16,28,58.4,22.4,9.5,12,0.833,119,0.487,86,0.407,0.539,0.549,14.4,7.1,13.1,3.3,19.2,1.13,0.94,1.38,9.9,107.6,105
209,Talen Horton-Tucker,Lal,G,20.21,22,17.1,35.6,20.4,15.8,22,0.864,98,0.531,41,0.293,0.504,0.535,7.2,2.7,8.7,1.8,14.9,0.95,0.5,1.27,7.7,100.3,94.5
210,Danuel House Jr.,Hou,F-G,27.68,13,28,58.3,14.3,6.6,23,0.739,41,0.488,63,0.317,0.481,0.513,9,3.9,7.4,2.3,11.5,0.85,0.31,0.62,6.2,108.9,105.8
211,Dwight Howard,Phi,C-F,35.18,25,16.9,35.2,17.5,27.3,72,0.486,89,0.584,7,0.429,0.589,0.58,5.9,7.8,24.9,0.8,6.1,0.48,0.92,1.92,7.9,100.1,87.8
212,Markus Howard,Den,G,21.95,12,3.1,6.4,32.9,10.7,0,0,7,0.429,18,0.167,0.3,0.3,1.3,0.3,6.2,0.3,11.3,0,0,0.25,6.3,,
213,Kevin Huerter,Atl,G-F,22.46,24,31.7,66,16.8,9.6,21,0.762,126,0.468,137,0.416,0.549,0.56,12.7,3.8,6.4,3.6,17.1,1.17,0.17,1.21,7,114.4,107.3
214,Elijah Hughes,Uta,G,22.93,6,4.5,9.4,33.1,24.1,4,0.75,4,0.5,10,0.3,0.464,0.508,2.7,0.7,7.8,0.5,16.8,0.17,0.17,0.83,8.7,84.8,110.3
215,De'Andre Hunter,Atl,F-G,23.2,18,32.2,67,19.7,9.3,73,0.877,129,0.605,83,0.361,0.58,0.635,17.2,5.4,8.9,2.2,11,0.94,0.5,1.39,7.3,123.3,105.8
216,Chandler Hutchison,Chi,F-G,24.8,7,9.1,18.9,15.9,20.9,2,1,15,0.267,3,0.333,0.306,0.344,1.9,2.9,17.5,0.6,7.8,0.29,0,0.71,6.5,67.1,97.6
217,Serge Ibaka,Lac,F,31.4,25,24.4,50.8,20,11.6,39,0.821,161,0.571,66,0.394,0.577,0.602,11.8,6.6,15.3,1.7,10.5,0.2,1.28,1.28,8.4,118.7,105.6
218,Andre Iguodala,Mia,G-F,37.04,22,21.3,44.3,11.8,17.8,11,0.455,20,0.5,77,0.325,0.49,0.491,4.5,3.8,10.1,2.5,16.2,1.18,0.41,1,6.6,99.4,104.5
219,Joe Ingles,Uta,F-G,33.36,21,26,54.1,16,15.8,25,0.88,50,0.62,110,0.427,0.634,0.658,10.7,3.6,7.2,4.6,25.2,0.33,0.19,1.52,8.6,129.7,105.2
220,Brandon Ingram,Nor,F,23.44,24,34.9,72.6,27.5,10.9,129,0.86,274,0.511,150,0.393,0.539,0.591,23.7,5.5,8.6,4.6,21.1,0.58,1.04,2.46,9.7,116.4,112.2
221,Kyrie Irving,Bro,G,28.89,18,35.7,74.4,29.5,10,80,0.95,238,0.58,122,0.41,0.592,0.635,27.9,4.6,7.2,5.9,27.7,1,0.83,2.44,10.2,122.8,109.4
222,Wes Iwundu,Dal,F,26.15,17,13.7,28.5,10.2,7.4,10,0.8,23,0.435,23,0.13,0.315,0.367,2.2,1.9,7.7,0.5,4.4,0.41,0.12,0.24,3.7,83.3,108.9
223,Frank Jackson,Det,G,22.78,7,5.5,11.5,22.3,20,0,0,6,0.167,10,0.3,0.344,0.344,1.6,0.7,7.3,1.1,30.6,0.14,0,0.57,7.8,75.6,105.4
224,Josh Jackson,Det,G-F,24,22,23.8,49.6,25.4,16.1,63,0.683,127,0.496,105,0.324,0.491,0.522,12.3,3.6,8.5,1.9,13.4,0.91,0.95,2.27,7.4,94.4,102.7
225,Justin Jackson,Okc,F,25.88,14,16.9,35.1,17.7,10.3,13,0.769,37,0.622,44,0.25,0.488,0.513,6.4,2.5,7.7,1.5,13.1,0.29,0,0.71,6.8,101,107.9
226,Reggie Jackson,Lac,G,30.83,23,19.6,40.9,19.1,11.3,29,0.724,82,0.488,78,0.385,0.531,0.553,8.3,2.7,7.6,3,21.3,0.57,0.13,0.96,8.3,114,105.1
227,Justin James,Sac,G-F,24.05,7,6.9,14.4,15.9,0,7,0.143,11,0.545,4,0,0.4,0.36,1.9,1,7.8,0.4,8.3,0.14,0.14,0,5.3,87.5,120
228,LeBron James,Lal,F,36.12,26,34.7,72.4,31.4,14.9,148,0.723,311,0.553,180,0.394,0.567,0.597,25.5,7.8,12.6,7.9,37.9,1.08,0.5,3.73,13.4,113.8,101.4
229,Isaiah Joe,Phi,G,21.61,13,15.1,31.4,15.1,7.1,5,1,14,0.429,49,0.388,0.548,0.567,5.7,1.4,5,1,9,0.31,0.31,0.38,5.3,115.6,103.9
230,Cameron Johnson,Pho,F,24.94,24,26,54.2,18,8,26,0.885,67,0.597,153,0.366,0.564,0.585,11.3,3.8,7.9,1.5,8.4,0.67,0.29,0.83,6.2,113.4,108.5
231,James Johnson,Dal,F,33.98,23,18.4,38.4,16.3,15.8,24,0.542,73,0.63,50,0.28,0.545,0.55,6.4,3.1,9.2,1.6,12.5,0.87,0.83,1.09,6.9,102,104
232,Keldon Johnson,San,F-G,21.34,25,30.1,62.8,20.6,10.7,93,0.774,209,0.507,74,0.311,0.496,0.545,14.1,7.1,12.2,2.3,11,0.8,0.56,1.56,8.1,107.9,104.7
233,Stanley Johnson,Tor,F-G,24.71,23,14.7,30.7,9.4,20.2,12,0.75,21,0.381,33,0.424,0.537,0.565,2.9,2.4,8.9,1.6,13.8,0.83,0.3,0.65,6.1,113.9,102.6
234,Tyler Johnson,Bro,G,28.77,10,9,18.7,12.9,14.8,0,0,9,0.444,14,0.357,0.5,0.5,2.3,0.8,4.9,0.9,12.7,0.4,0,0.4,5.3,101.2,113.9
235,Nikola Jokic,Den,C,25.98,24,35.9,74.7,29.3,14.6,133,0.85,354,0.607,85,0.4,0.606,0.648,26.9,11.3,18,8.6,40.5,1.58,0.67,3.54,15.3,127.8,103.9
236,Derrick Jones Jr.,Por,F,23.99,19,27,56.3,11.7,10,35,0.571,63,0.619,48,0.271,0.527,0.542,7.2,4.4,8.5,0.6,3.2,0.95,0.84,0.74,4,112.5,109.8
237,Damian Jones,Pho,C,25.62,9,8.3,17.2,11.4,26.4,9,0.556,9,0.444,1,0,0.4,0.466,1.4,1.7,11.1,0,0,0.11,0.56,0.56,0,85.6,87.2
238,Mason Jones,Hou,G,22.56,15,11.3,23.6,21.9,19.5,21,0.524,28,0.536,33,0.515,0.664,0.655,6.1,1.9,9,1.4,19.4,0.27,0,1.13,9,109.8,102.9
239,Tre Jones,San,G,21.09,9,3,6.2,26.1,12.3,5,1,11,0.455,1,1,0.542,0.634,2,0.4,7.8,0.1,6,0,0,0.22,5.7,,
240,Tyus Jones,Mem,G,24.76,20,24.2,50.3,16.8,9.4,13,0.769,108,0.537,60,0.283,0.497,0.509,8.9,2.8,6.3,5.5,31.2,1.3,0.15,0.9,8.5,117,113.4
241,DeAndre Jordan,Bro,C,32.56,26,21.2,44.1,12.9,27.3,38,0.526,103,0.786,0,0,0.786,0.76,7,7,18.4,1.8,11.3,0.35,1.38,1.73,8.4,121.3,104.2
242,Cory Joseph,Sac,G,29.48,24,18.6,38.8,15.2,15.7,25,0.76,77,0.494,46,0.283,0.467,0.5,5.6,2.1,6,2.3,16,0.79,0.25,1.04,6.5,101.1,109.2
243,Mfiondu Kabengele,Lac,F-C,23.5,14,4.1,8.5,17.7,13.2,4,0.75,8,0.375,10,0.2,0.333,0.38,1.1,0.6,8.9,0.2,6.8,0.14,0.14,0.21,5,78.6,90.7
244,Frank Kaminsky,Pho,F-C,27.86,18,15.8,33,19.6,8,23,0.609,70,0.486,35,0.429,0.538,0.552,7.1,4.4,15.4,2.2,20.5,0.17,0.56,0.56,10.4,118.3,100
245,Enes Kanter,Por,C,28.73,23,24.2,50.4,18,11.9,51,0.765,184,0.592,0,0,0.592,0.622,11.2,10.8,23.6,1.1,7.2,0.61,0.87,1.22,8.4,127.4,104.9
246,Luke Kennard,Lac,G,24.63,26,21.6,45,15.6,12.1,13,0.846,76,0.487,92,0.446,0.586,0.599,8,2.8,7.2,1.7,11.1,0.31,0.23,0.92,6.2,113.1,108.2
247,Maxi Kleber,Dal,F,29.04,15,24.8,51.8,10.5,11.1,18,0.944,19,0.368,53,0.472,0.618,0.663,7.1,5.3,11.5,1.5,7.9,0.2,0.8,0.67,6.2,128.9,108.2
248,Nathan Knight,Atl,F-C,23.4,8,5.5,11.5,23.8,16.2,6,0.833,11,0.364,7,0.429,0.472,0.533,2.8,1.5,14.5,0.1,3.5,0.13,0.38,0.5,5.4,103.6,98.5
249,Kevin Knox II,Nyk,F,21.51,20,18.2,37.9,15.8,11.5,12,0.833,46,0.391,64,0.391,0.505,0.525,6.1,2.2,6.4,0.8,6.5,0.35,0.3,0.75,4.8,100.6,105.3
250,John Konchar,Mem,G,24.89,12,16.6,34.7,10.9,5.8,10,1,29,0.483,15,0.4,0.523,0.579,4.7,4.4,14.4,1.5,11.6,1.08,0.42,0.25,7.6,132.8,103.2
251,Furkan Korkmaz,Phi,G-F,23.55,14,19.7,40.9,19.1,9.6,13,0.846,45,0.467,62,0.371,0.519,0.541,8.7,2.4,6.7,0.8,5.7,0.71,0.14,0.86,5.2,103.1,106.9
252,Luke Kornet,Chi,F-C,25.58,3,4.4,9.2,12.4,25.8,2,1,0,0,2,0,0,0.347,0.7,1,12.6,0.3,8.6,0.33,0,0.33,5.4,69.6,112
253,Rodions Kurucs,Bro,F,23.02,5,3.2,6.6,8.2,0,0,0,1,0,2,0.5,0.5,0.5,0.6,0.6,10.5,0.4,15.3,0,0,0,6.6,,
254,Rodions Kurucs,Hou,F,23.02,8,6.6,13.8,18.4,30.6,2,0.5,4,0.5,11,0.182,0.333,0.346,1.4,1,8,0.3,5,0.5,0.25,0.88,4.5,54.6,98.2
255,Kyle Kuzma,Lal,F,25.55,26,24.6,51.1,19.5,11.5,20,0.6,125,0.496,119,0.37,0.525,0.53,10.3,5.9,13.4,1.1,6.5,0.31,0.69,1.27,6.6,103.1,101.3
256,Jeremy Lamb,Ind,G-F,28.7,12,25,52.2,17.3,9.2,29,0.966,49,0.49,47,0.489,0.609,0.667,12.1,3.9,8.6,1.8,10.2,0.92,0.75,0.92,7,128.4,106.6
257,Zach LaVine,Chi,G-F,25.93,24,35.6,74.2,30.3,15.2,131,0.863,261,0.59,200,0.425,0.611,0.652,28.2,5.3,8.2,5.3,24.6,1.13,0.5,3.88,10.4,116.5,109.2
258,Jake Layman,Min,F,26.93,19,15.4,32,16.3,9.7,23,0.783,55,0.618,37,0.297,0.549,0.583,6.3,1.5,5.1,0.5,5.1,0.89,0.47,0.58,4.4,109.3,110.5
259,Jalen Lecque,Ind,G,20.66,3,2.9,6.1,26.2,0,3,1,3,0.333,1,0,0.25,0.47,1.7,1.3,25,0.7,29.9,0,0,0,16,,
260,Damion Lee,Gol,G-F,28.31,25,18.9,39.4,12.1,6.6,20,0.9,26,0.654,92,0.413,0.627,0.655,6.6,3.6,9.8,1.4,10.3,0.6,0.08,0.36,6.8,129.1,104.4
261,Saben Lee,Det,G,21.64,8,8.7,18.1,14.5,21.4,10,0.8,13,0.385,1,0,0.357,0.489,2.3,0.4,2.4,1,16.2,0.5,0.13,0.63,4.5,95.5,103.3
262,Alex Len,Tor,C,27.66,7,10.8,22.6,11.6,38.8,6,0.5,4,0.5,6,0.5,0.65,0.633,2.3,1.6,8,0.4,5.1,0.14,0.86,1.14,4.2,76.6,103.1
263,Alex Len,Was,C,27.66,11,16.1,33.6,17.3,17.5,26,0.654,38,0.789,12,0.25,0.69,0.7,7.8,4.3,14,1.5,14.3,0.64,1.09,1.18,9.2,124.1,104.9
264,Kawhi Leonard,Lac,F,29.62,22,34.5,71.9,30.2,8.1,135,0.881,309,0.54,107,0.402,0.556,0.612,26.5,5.9,9.6,5.1,25.2,1.77,0.64,1.91,10.8,124.2,108.1
265,Meyers Leonard,Mia,F-C,28.96,3,9.8,20.4,15,20.2,2,0.5,0,0,7,0.429,0.643,0.635,3.3,2.3,13.4,0.7,9.9,0,0,0.67,7.1,100.8,93.9
266,Caris LeVert,Bro,G,26.47,12,27.8,57.9,31.1,10.8,34,0.765,137,0.474,63,0.349,0.49,0.516,18.5,4.3,8.6,6,34.3,1.08,0.5,2.17,11.2,106.9,110.9
267,Kira Lewis Jr.,Nor,G,19.85,13,11.6,24.1,21,6.8,18,0.722,45,0.422,16,0.375,0.459,0.501,5.3,0.8,3.6,1.5,19.2,0.38,0.08,0.38,6.4,109.6,108.2
268,Damian Lillard,Por,G,30.58,22,36,75.1,31.1,11.4,170,0.941,202,0.53,234,0.389,0.558,0.633,29.4,4.5,6.7,7.1,33.2,1,0.27,3,10.9,126,116.3
269,Nassir Little,Por,F-G,21,9,11.2,23.4,16,13.2,9,0.889,17,0.471,12,0.583,0.638,0.683,5,2.3,11,0.2,2.8,0.22,0.44,0.56,4.7,128.7,112.1
270,Kevon Looney,Gol,F,25.01,21,14.6,30.5,9.9,18.1,13,0.692,48,0.646,5,0.4,0.642,0.656,3.7,4.1,14.7,1.8,16.1,0.33,0.29,0.62,8.3,134.6,100.7
271,Brook Lopez,Mil,C,32.86,25,27.4,57.1,14.9,7.8,34,0.853,94,0.596,116,0.362,0.567,0.593,10.7,5.2,9.9,0.7,3.1,0.56,1.36,0.76,4.9,118.7,107.3
272,Robin Lopez,Was,C,32.86,22,18.7,39,15.7,14.1,46,0.63,103,0.631,11,0.364,0.623,0.637,7.8,4.3,12.1,1,7.4,0.18,0.59,1,6.9,121.5,110.8
273,Kevin Love,Cle,F-C,32.43,2,23.2,48.3,21.6,12.9,5,0.8,9,0.333,9,0.333,0.417,0.47,9.5,6,14.3,2.5,15.9,0.5,0,1.5,9,97.4,112.8
274,Kyle Lowry,Tor,G,34.89,22,34.7,72.4,21.5,16.4,71,0.873,126,0.5,165,0.382,0.541,0.585,17.1,5.6,8.9,6.6,28.2,1.09,0.18,2.86,9.9,114.3,107.3
275,Timothe Luwawu-Cabarrot,Bro,G-F,25.76,27,19.3,40.1,17.1,9.2,20,0.7,63,0.429,116,0.362,0.503,0.517,7.2,2.3,6.6,1.3,8.9,0.59,0.15,0.7,5.8,103.9,110.5
276,Trey Lyles,San,F,25.27,13,12,25,11.7,0,15,0.6,21,0.667,15,0.267,0.556,0.575,3.8,3.2,13.9,0.5,6,0,0,0,6.1,127,110.2
277,Thon Maker,Cle,F-C,20,8,9.6,19.9,14.6,11.6,11,0.909,16,0.625,2,0,0.556,0.657,3.8,2.3,13,0.5,7.7,0.25,0.5,0.38,6.8,131.2,107
278,Theo Maledon,Okc,G,19.67,21,22.7,47.3,17.5,19.8,19,0.632,64,0.438,82,0.366,0.5,0.512,7.5,2.6,6,2.9,18,0.95,0.05,1.81,6.8,93,104.6
279,Karim Mane,Orl,G,20.74,6,9.3,19.4,10.5,21.8,4,1,7,0,2,0.5,0.167,0.325,1.2,1.7,9.3,0.2,2.3,0,0.17,0.5,3.2,59.5,111.3
280,Nico Mannion,Gol,G,19.92,6,6,12.5,19.6,11.9,4,0.25,4,0.25,9,0.222,0.308,0.305,1.5,1.3,11.5,2,43.1,0.33,0,0.33,10.5,87.6,95.5
281,Terance Mann,Lac,G-F,24.32,23,12.5,26,14.1,14.2,15,0.733,52,0.5,20,0.25,0.465,0.496,3.4,3,13.5,1,10.1,0.48,0.17,0.57,6.9,107.2,101.4
282,Boban Marjanovic,Dal,C,32.49,15,7.2,15,25.4,4.8,13,0.692,51,0.549,3,0,0.519,0.544,4.3,3.3,25.1,0.1,1.6,0,0,0.2,6.2,117,103.7
283,Lauri Markkanen,Chi,F-C,23.73,14,30.4,63.4,22.7,10.5,45,0.844,84,0.655,101,0.396,0.622,0.654,19.1,6.1,11.1,0.9,4.3,0.5,0.36,1.71,6.2,115.6,109
284,Naji Marshall,Nor,F,23.05,3,2.8,5.8,14.8,0,2,0.5,1,0,1,0,0,0.174,0.3,0.7,13.2,0.3,14,0,0,0,5.7,,
285,Kenyon Martin Jr.,Hou,F,20.1,7,9.8,20.5,21.2,14.6,5,0.4,23,0.391,4,0.25,0.389,0.394,3.3,2.7,14.6,0.6,8.6,0.29,0.71,0.71,7.1,85.1,98.1
286,Caleb Martin,Cha,F,25.37,23,15.8,32.8,17.2,11,25,0.56,69,0.507,50,0.3,0.483,0.496,5.6,2.8,9.5,1.3,11.4,0.87,0.35,0.7,6.9,101.7,107.5
287,Cody Martin,Cha,F,25.37,17,9.4,19.5,13.8,17.5,10,0.8,25,0.68,13,0.231,0.566,0.601,3,1.9,11.1,0.9,14,0.41,0,0.53,7.3,114.5,108.8
288,Kelan Martin,Ind,F,25.53,10,4.2,8.8,22.6,18.2,0,0,10,0.4,8,0.25,0.389,0.389,1.4,1.1,14.4,0,0,0.2,0,0.4,0,64.2,101.5
289,Frank Mason,Orl,G,26.86,3,25,52.1,18.2,15.6,7,0.714,19,0.368,5,0.4,0.417,0.462,8.3,4,8.3,4,23.3,0,0,1.67,8.2,98.5,109.8
290,Garrison Mathews,Was,G,24.3,16,15.5,32.3,15,2.2,36,0.917,16,0.5,56,0.393,0.569,0.655,7.2,1.6,5.3,0.6,4.9,0.88,0.06,0.13,4.9,137.1,109.8
291,Dakota Mathias,Phi,G,25.59,8,15.4,32.2,17.6,1.9,6,0.333,22,0.5,26,0.308,0.479,0.474,6,0.9,3.1,1.6,14.9,0.13,0.38,0.13,5.3,107.2,110
292,Wesley Matthews,Lal,G,34.33,19,20.4,42.4,10.7,6.3,12,0.75,16,0.5,68,0.397,0.577,0.594,5.6,1.2,3.3,1.1,6.7,0.47,0.32,0.32,3.8,120.9,103.3
293,Tyrese Maxey,Phi,G,20.27,24,17.7,36.9,21.9,7.2,20,0.85,149,0.517,48,0.313,0.505,0.525,9,2.1,6.4,1.9,16.4,0.63,0.13,0.67,7.5,108,105.2
294,Skylar Mays,Atl,G,23.44,6,2.5,5.2,19.5,0,2,1,4,0,2,0,0,0.145,0.3,0.3,7.1,0.2,8.2,0,0,0,4.2,,
295,CJ McCollum,Por,G,29.4,13,33.8,70.5,28.4,4.4,45,0.844,117,0.513,143,0.441,0.594,0.62,26.7,3.9,6.1,5,26.3,1.31,0.31,1,9.5,129.3,112.9
296,T.J. McConnell,Ind,G,28.88,22,22.2,46.2,13.5,25.7,9,0.222,97,0.505,12,0.333,0.505,0.496,5.1,3.3,8.2,6.5,38.7,1.64,0.18,1.77,8.6,110.1,106.9
297,Jalen McDaniels,Cha,F-C,23.03,9,9.3,19.3,19.4,21.1,11,0.636,19,0.579,6,0.333,0.56,0.586,3.9,2.1,12.2,0.6,8.7,0.22,0,0.89,7.3,97.1,97.5
298,Jaden McDaniels,Min,F,20.37,19,17.5,36.5,14.6,12.9,11,0.364,46,0.435,50,0.36,0.49,0.486,5.2,3.5,10.5,1,7.9,0.37,0.89,0.79,6,95.3,102.9
299,Doug McDermott,Ind,F,29.11,25,25.6,53.3,19.5,8.7,39,0.769,136,0.647,110,0.355,0.596,0.614,12.9,4.2,9.1,1.3,7.7,0.24,0.08,1,6.5,116,109.9
300,Sean McDermott,Mem,F,24.27,3,13.8,28.8,11.1,27.6,2,1,2,0.5,5,0.2,0.357,0.444,2.3,1,3.9,1,8.7,0,0,1,3.8,86.6,118.8
301,JaVale McGee,Cle,C-F,33.06,18,15.6,32.4,24.5,12.6,40,0.6,106,0.472,15,0.333,0.475,0.501,7.7,5.4,19.4,1.1,11.1,0.5,1.28,1.11,9.2,100.4,97.3
302,Rodney McGruder,Det,G,29.54,8,7.9,16.5,16.5,16.4,3,1,12,0.5,7,0.429,0.553,0.591,3,1.1,7.9,0.8,14.7,0,0.13,0.5,7,110.7,112.4
303,Alfonzo McKinnie,Lal,F,28.4,12,3.2,6.6,17.1,6.7,2,1,9,0.556,4,0.75,0.731,0.756,1.8,0.8,13.2,0.1,4,0.08,0,0.08,6.6,,
304,Jordan McLaughlin,Min,G,24.84,13,17.8,37.1,15.1,15.6,7,0.714,49,0.429,18,0.333,0.448,0.464,5,2.2,6.7,4.4,34.4,0.54,0.15,1,8.2,108.2,115.8
305,Ben McLemore,Hou,G,28,16,15.8,33,18.8,17,13,0.769,24,0.375,63,0.413,0.552,0.572,6.6,2.2,7.3,1.1,9.8,0.38,0.06,1.19,6.4,99.4,105.1
306,Nicolo Melli,Nor,F,30.04,12,11.2,23.4,11.1,17,5,0.8,6,0.333,21,0.238,0.352,0.394,1.9,2.3,11,0.9,10.1,0.5,0.08,0.5,5.6,86.2,101.4
307,De'Anthony Melton,Mem,G,22.71,12,21.5,44.7,19.8,14.1,8,0.625,57,0.509,43,0.442,0.575,0.58,10,3,7.6,3.2,21.3,0.92,1,1.42,8.5,110,105
308,Sam Merrill,Mil,G,24.74,9,6.1,12.7,10.6,21.6,2,1,2,0,8,0.5,0.6,0.643,1.6,1.1,9.6,1.1,21,0.11,0,0.33,8.2,132,109.5
309,Chimezie Metu,Sac,F-C,23.89,10,6.4,13.3,24.7,13.5,9,0.667,25,0.48,3,0.333,0.482,0.516,3.3,2.3,19.5,0.5,11.8,0.3,0.6,0.5,9.7,107.6,101.2
310,Khris Middleton,Mil,F,29.5,25,32.5,67.8,23.8,12.8,83,0.916,226,0.558,140,0.45,0.602,0.642,20.7,6,9.8,6.2,27,1.04,0.08,2.36,11.3,126,105.1
311,Darius Miller,Okc,F,30.9,8,9.6,20,10.9,10.4,3,1,1,1,15,0.467,0.719,0.751,3.3,1.4,7.5,0.8,10.9,0.5,0.13,0.25,6.4,137,104.7
312,Paul Millsap,Den,F,36,24,23.8,49.6,16.9,10.7,58,0.707,101,0.584,73,0.411,0.598,0.624,10.4,5.3,12.6,1.5,8.9,0.79,0.46,1,7.3,123.3,106.2
313,Patty Mills,San,G,32.5,25,25.6,53.4,20.2,7,34,0.941,104,0.519,162,0.401,0.57,0.596,13.4,1.8,3.7,2.7,15.6,0.68,0.04,0.84,6.3,116.4,109.7
314,Shake Milton,Phi,G-F,24.38,22,24.3,50.7,24.2,11,80,0.875,167,0.515,72,0.306,0.498,0.562,14,1.9,4.3,3,18.7,0.73,0.18,1.55,7.1,112.2,104.9
315,Donovan Mitchell,Uta,G,24.43,23,33.5,69.8,31,12.8,105,0.838,240,0.45,198,0.419,0.531,0.571,24,4.3,6.8,5.1,25.3,0.83,0.39,3.09,9.6,113.2,105.8
316,Adam Mokoka,Chi,G,22.57,6,6.9,14.3,16.5,12.5,0,0,6,0.667,8,0.125,0.393,0.393,1.8,0.7,5.4,0.7,12.8,0.5,0.17,0.33,5.6,84.6,102.6
317,Malik Monk,Cha,G,23.02,13,20.3,42.3,19.5,11.6,15,0.867,43,0.419,57,0.474,0.585,0.61,10,2.1,5.5,1.8,13,0.31,0.15,1.08,6.6,112.8,112.1
318,E'Twaun Moore,Pho,G,31.96,11,17.4,36.3,17.8,15.7,6,0.667,47,0.489,15,0.2,0.444,0.456,5.4,1.4,4.3,1.8,14.8,1,0.09,1.09,5.5,90.9,104.5
319,Ja Morant,Mem,G,21.51,12,29.3,61,28.6,15.6,63,0.794,133,0.511,39,0.282,0.491,0.548,18.3,2.3,4.2,7.7,40.1,1.08,0.33,3.08,9.4,110.5,111.9
320,Juwan Morgan,Uta,F,23.82,10,6,12.5,11,13,1,0,4,0.75,9,0.333,0.577,0.558,1.5,1.3,11.4,0.3,6.7,0.3,0,0.2,5.6,111.9,91.1
321,Marcus Morris Sr.,Lac,F,31.44,17,24.4,50.9,19.6,8.7,26,0.923,76,0.408,81,0.444,0.541,0.576,11.4,3.6,8.3,0.8,4.8,0.59,0.18,0.94,5.2,110.5,108.8
322,Markieff Morris,Lal,F,31.44,21,15.5,32.3,13.6,10.8,18,0.722,28,0.571,55,0.309,0.5,0.528,4.6,3.6,12.9,0.9,7.2,0.1,0.29,0.52,6.4,107.6,97.9
323,Monte Morris,Den,G,25.63,24,26.4,55,16.4,6.2,42,0.738,126,0.579,81,0.37,0.57,0.592,11.1,2.1,4.6,3.5,18.6,0.71,0.25,0.63,6.6,126.3,115.8
324,Mychal Mulder,Gol,G,26.67,24,10.1,21,12.6,7,11,0.636,8,0.75,54,0.426,0.653,0.658,3.7,0.8,4.3,0.4,5.6,0.25,0.25,0.21,4.2,119.2,107.7
325,Dejounte Murray,San,G,24.4,25,30.6,63.7,22.8,11.1,52,0.788,258,0.481,81,0.321,0.481,0.507,14.7,7,11.9,5,24.8,1.56,0.08,1.8,10.5,102.8,102.9
326,Jamal Murray,Den,G,23.97,22,34.7,72.2,23.5,10.6,70,0.786,213,0.502,126,0.341,0.506,0.538,18.1,3.9,6.4,4.4,18.5,1.05,0.27,2,7.8,109.3,111.1
327,Mike Muscala,Okc,F-C,29.62,22,18.7,38.9,20.4,7.8,26,0.923,50,0.54,117,0.376,0.557,0.588,9.5,3.5,9.8,0.9,7.5,0.27,0.27,0.68,6.6,111.7,107
328,Svi Mykhailiuk,Det,G-F,23.67,23,14.9,31,19.2,9.8,24,0.875,26,0.577,101,0.317,0.496,0.534,6.4,1.7,6.5,1.3,13.1,0.61,0.09,0.65,6.5,106.2,110.5
329,Abdel Nader,Pho,F,27.38,9,17.7,36.9,20.1,11.1,18,0.778,33,0.515,23,0.391,0.545,0.587,8.3,3,9.3,1.2,10.2,0.33,0.11,0.89,7,108.6,104.8
330,Larry Nance Jr.,Cle,F-C,28.11,19,33.4,69.6,12.4,15.4,21,0.571,82,0.561,63,0.381,0.566,0.571,9.3,6.8,11.3,3.2,13.7,1.95,0.53,1.47,7,111,107.3
331,Aaron Nesmith,Bos,G-F,21.32,9,12.8,26.6,16.4,15.9,0,0,8,0.375,29,0.31,0.446,0.446,3.7,1.7,7.3,0.4,4.6,0,0.22,0.78,4.3,84.1,103.8
332,Raul Neto,Was,G,28.73,17,18.2,37.9,18.2,8.8,11,0.636,66,0.515,53,0.377,0.538,0.545,7.9,2,5.8,1.8,14.7,1,0.06,0.71,6.7,108.8,112.4
333,Georges Niang,Uta,F,27.66,25,12.4,25.9,18,13,3,1,37,0.541,75,0.293,0.473,0.481,4.4,2.2,9.3,0.6,6.8,0.28,0.08,0.68,5.8,93.6,98.7
334,Zeke Nnaji,Den,F-C,20.09,11,3.8,8,17.5,0,0,0,8,0.5,9,0.556,0.676,0.676,2.1,0.5,8.1,0,0,0,0.09,0,0,,
335,Nerlens Noel,Nyk,C-F,26.84,21,17.6,36.6,10.6,24.9,19,0.632,55,0.564,3,0,0.534,0.558,3.5,5.3,15.9,0.4,3,0.9,1.9,1.05,4.4,99.4,96.8
336,Jaylen Nowell,Min,G,21.6,11,17.2,35.8,25.4,7.9,19,0.842,57,0.526,40,0.4,0.557,0.588,11.3,2,6.2,0.7,7.2,0.36,0.27,0.82,5.8,111.3,111.5
337,Frank Ntilikina,Nyk,G,22.54,4,10.5,21.9,18.2,11.5,3,0.333,5,0.2,9,0.556,0.607,0.587,4.5,1,5,0.8,10.9,0.75,0,0.5,5.8,109.8,93.5
338,Kendrick Nunn,Mia,G,25.53,16,26.9,56,22,14.6,19,0.842,96,0.583,77,0.351,0.558,0.576,13.1,3.3,6.9,2.4,15.3,0.94,0.19,1.94,7,102.1,108.6
339,Jusuf Nurkic,Por,C,26.47,12,23.4,48.7,21,16.7,27,0.556,91,0.516,12,0.25,0.5,0.514,9.8,7.7,17.3,2.8,17.7,0.92,0.92,1.92,10.2,103.5,102.9
340,David Nwaba,Hou,G-F,28.08,20,23.2,48.3,15.7,6.5,35,0.629,99,0.556,45,0.289,0.517,0.536,8.6,3.2,7.2,1.2,7.6,1.1,0.75,0.55,5.5,111,103.8
341,Jordan Nwora,Mil,F,22.43,10,8.2,17.1,26.2,19.5,10,0.9,21,0.429,16,0.5,0.568,0.616,5.1,1.5,9.6,0,0,0.4,0.2,1,0,95.7,100.5
342,Semi Ojeleye,Bos,F,26.19,22,17.8,37.1,11.7,8.4,21,0.714,29,0.517,60,0.333,0.506,0.534,4.8,2.9,8.9,0.9,6.3,0.18,0,0.41,5.2,113.7,112
343,Jahlil Okafor,Det,C-F,25.16,12,10,20.8,16.8,8.5,2,0.5,39,0.641,3,0,0.595,0.595,4.3,2.3,12.6,0.3,4.4,0.17,0.17,0.33,5.7,116.5,108.5
344,Chuma Okeke,Orl,F,22.49,9,19.6,40.8,10.1,14.4,6,0.5,18,0.5,15,0.267,0.455,0.463,3.7,3.3,8.9,2.2,15.5,0.89,0.33,0.67,6.1,107.1,110.3
345,Josh Okogie,Min,G,22.45,19,21.5,44.7,13,11.1,32,0.719,59,0.441,39,0.205,0.388,0.442,5.2,2.7,6.7,1.3,7.9,0.84,0.68,0.74,4.9,95.3,109.9
346,Onyeka Okongwu,Atl,F-C,20.17,7,10.5,21.8,14.8,15.7,8,0.375,17,0.529,1,0,0.5,0.488,3,3,15.2,0.3,3.9,0.29,0.86,0.57,5.3,94.8,93.7
347,Isaac Okoro,Cle,F-G,20.04,21,33.8,70.3,12,13.7,43,0.674,93,0.484,58,0.276,0.457,0.491,8,2.3,3.8,1.9,7.6,1.1,0.38,1.29,3.9,97.6,110.6
348,KZ Okpala,Mia,F-G,21.79,13,12.7,26.6,11.2,19.2,6,0.333,12,0.417,19,0.368,0.5,0.49,2.5,1.5,6.8,0.5,5.1,0.23,0.15,0.62,3.9,86.4,103.4
349,Victor Oladipo,Ind,G,28.77,9,33.3,69.3,26.9,9.7,37,0.73,83,0.47,69,0.362,0.503,0.535,20,5.7,9.4,4.2,19.3,1.78,0.22,2,9.4,104,105.2
350,Victor Oladipo,Hou,G,28.77,10,31.9,66.5,30.9,10.8,34,0.765,117,0.444,74,0.297,0.445,0.476,19.6,4.9,8.1,5.2,27.5,1.1,0.6,2.5,9.9,95.9,104.5
351,Kelly Olynyk,Mia,F-C,29.82,23,26.3,54.7,17.7,13,16,0.688,51,0.667,150,0.367,0.58,0.586,10.6,5.5,11.8,2.1,12.7,0.83,0.7,1.35,7.6,108,102.2
352,Royce O'Neale,Uta,F,27.69,25,32.3,67.3,9.6,14.5,22,0.818,43,0.488,101,0.455,0.625,0.644,7.9,6.6,10.8,2.2,9.1,0.64,0.64,1.04,6,125.7,101.5
353,Miye Oni,Uta,G-F,23.52,19,7.5,15.7,8.7,17.3,2,0.5,3,0,20,0.35,0.457,0.461,1.2,1.8,12.9,0.3,5.3,0.05,0.21,0.26,4.6,98.8,96.5
354,Cedi Osman,Cle,F,25.85,26,26.9,56,20.5,8.8,34,0.765,128,0.422,159,0.34,0.47,0.49,11.4,3.2,6.6,2.7,15.3,0.88,0.12,1.12,6.9,102.2,109.3
355,Daniel Oturu,Lac,C,21.4,10,4.2,8.8,18.8,11.2,2,1,14,0.643,1,0,0.6,0.63,2,1.4,18.7,0.4,14.6,0,0.3,0.2,9.9,129.1,98.7
356,Kelly Oubre Jr.,Gol,F-G,25.18,25,28.7,59.9,22.4,9.5,74,0.743,179,0.475,133,0.293,0.46,0.496,13.7,5.6,10.1,1.3,6.5,1.12,0.84,1.44,6.5,96.4,104.8
357,Eric Paschall,Gol,F,24.27,22,17.2,35.9,23,6.3,53,0.717,138,0.522,32,0.375,0.529,0.564,9.9,3,9,1.3,12.1,0.18,0.09,0.59,7.9,113.4,105.2
358,Anzejs Pasecniks,Was,C-F,25.15,1,6.3,13.1,39.4,83.3,0,0,0,0,1,0,0,0,0,1,8.4,1,18.5,0,0,5,0,20.3,91.6
359,Patrick Patterson,Lac,F,31.92,8,13.4,28,15.1,16.3,4,0.75,6,0.667,23,0.391,0.603,0.618,4.8,1.6,6.8,0.5,5,0.38,0.13,0.75,4.7,107.5,104.6
360,Chris Paul,Pho,G,35.77,23,32.4,67.5,23.5,14,70,0.971,218,0.528,88,0.341,0.523,0.576,16.9,4.5,7.7,8.1,38.9,1.26,0.26,2.39,10.5,118.4,103.5
361,Cameron Payne,Pho,G,26.51,13,17.5,36.4,18.1,17.4,9,1,43,0.512,29,0.379,0.535,0.566,6.6,2.2,6.8,3.9,32.4,0.62,0.23,1.23,8.8,113.7,99.7
362,Elfrid Payton,Nyk,G,26.97,26,28.4,59.2,22.9,13.6,54,0.704,254,0.469,52,0.25,0.453,0.478,12.1,3.8,7.1,3.7,21,0.62,0.23,2,7.8,97.7,107
363,Norvel Pelle,Bro,C,28.02,3,9.3,19.3,15.5,30,0,0,7,0.429,0,0,0.429,0.429,2,2.3,14,0,0,0,1,1,0,75.3,84.5
364,Reggie Perry,Bro,F-C,20.89,14,10.5,21.9,19,16.9,9,0.667,38,0.5,12,0.167,0.44,0.463,3.6,3.7,19.6,0.9,10.9,0.14,0.36,0.79,8.7,98.6,96.2
365,Theo Pinson,Nyk,G-F,25.27,7,2.4,5.1,15.6,0,0,0,1,1,5,0,0.167,0.167,0.3,0.1,3.1,0,0,0,0,0,0,,
366,Mason Plumlee,Det,F-C,30.94,24,27.6,57.5,15.6,21.2,63,0.714,157,0.611,5,0,0.593,0.625,9.9,8.8,17.9,3.2,18,1,0.71,2.13,9.5,117.1,100
367,Jakob Poeltl,San,C,25.33,25,21.4,44.6,12.8,16.3,35,0.286,118,0.593,0,0,0.593,0.562,6,6.6,16,1.7,11.1,0.48,1.36,1.04,7.6,116.5,102.8
368,Vincent Poirier,Phi,C-F,27.32,4,4.5,9.3,13.5,17.4,4,0.5,3,0.333,0,0,0.333,0.42,1,1,12.1,0.3,6.9,0,0.5,0.25,6,95.8,108.6
369,Aleksej Pokusevski,Okc,C,19.13,17,17.4,36.3,16.8,19.1,0,0,37,0.351,56,0.179,0.301,0.301,3.3,3.5,10.6,1.2,9.5,0.47,1.12,1.29,5.5,60.5,107.7
370,Jordan Poole,Gol,G,21.65,15,9.6,19.9,22.8,10.3,19,0.947,22,0.591,39,0.333,0.533,0.598,5.5,1.2,6.5,0.9,13.5,0.2,0.13,0.53,7.5,112.5,105.4
371,Michael Porter Jr.,Den,F,22.62,14,26.5,55.1,20.8,8.5,26,0.808,74,0.581,77,0.442,0.623,0.643,14.9,6.4,13.7,1,5.6,1.14,1.07,1.07,6.9,121.9,105.8
372,Otto Porter Jr.,Chi,F,27.69,16,23.2,48.4,19.9,8.6,36,0.833,74,0.486,70,0.4,0.542,0.582,11.6,6.3,15.1,2,12.2,0.56,0.19,0.94,9.1,117.7,108.2
373,Bobby Portis,Mil,F,26,25,21.5,44.8,19.1,7.8,27,0.667,162,0.568,52,0.481,0.605,0.613,11.1,7.5,18.3,1.1,7.2,0.84,0.48,0.76,8.4,123.9,101.3
374,Kristaps Porzingis,Dal,F-C,25.53,15,29.7,61.9,28,6.3,43,0.86,157,0.535,92,0.326,0.518,0.551,19.7,8.3,15.2,1.4,8.1,0.33,1.67,1.2,8.2,109.4,105.3
375,Dwight Powell,Dal,F-C,29.57,16,17.2,35.9,12.2,14.3,45,0.689,39,0.59,7,0.143,0.533,0.608,5,3.8,12,1,7.7,0.81,0.38,0.69,6.2,122.8,100
376,Norman Powell,Tor,G,27.72,23,27.5,57.3,22.8,8.9,79,0.873,146,0.473,128,0.438,0.558,0.607,16.3,2.7,5.4,1.5,8.4,1.17,0.17,1.3,5.9,115.3,110.5
377,Taurean Prince,Bro,F,26.89,12,18.2,37.8,19.2,11.4,27,0.889,37,0.459,37,0.351,0.493,0.565,8.1,2.8,8.7,0.6,4.3,0.67,0.67,0.92,5.2,104.1,106.6
378,Taurean Prince,Cle,G,26.89,13,25.7,53.6,17.6,11.7,26,0.808,53,0.358,56,0.446,0.518,0.556,10.3,4.5,9.8,2.8,15.9,0.85,0.77,1.23,7.9,111.3,107.3
379,Payton Pritchard,Bos,G,23.04,17,20.6,43,15.6,17.3,10,0.9,45,0.556,56,0.429,0.604,0.621,7.7,2.4,6.3,2.4,15.8,0.76,0.24,1.29,6.9,115,107.5
380,Immanuel Quickley,Nyk,G,21.66,22,19,39.6,27.2,8.5,61,0.934,114,0.439,95,0.358,0.483,0.549,11.8,2.3,6.4,2.7,24,0.45,0.36,1,8.8,113.8,101.6
381,Jahmi'us Ramsey,Sac,G,19.68,4,3.9,8.2,13.6,20,0,0,1,1,3,0.333,0.625,0.625,1.3,1,13.8,0.3,8.6,0,0.25,0.25,7.5,,
382,Julius Randle,Nyk,F-C,26.2,26,36.8,76.8,27.4,14.3,165,0.8,325,0.495,110,0.382,0.515,0.571,22.3,10.9,15.6,5.8,27.1,0.81,0.19,3.27,12.2,111.2,99.8
383,Cam Reddish,Atl,F-G,21.45,20,28.6,59.7,19.2,10.8,60,0.817,106,0.462,98,0.255,0.424,0.482,11.1,4.1,7.5,1.4,6.9,1.2,0.2,1.4,5.6,96.8,104.6
384,JJ Redick,Nor,G,36.63,21,18.8,39.2,18.4,8.8,30,1,44,0.386,98,0.347,0.479,0.535,7.9,1.5,4.4,1.1,8,0.29,0,0.71,5,107.7,112
385,Paul Reed,Phi,F,21.66,5,11.1,23,20.5,18.5,0,0,19,0.474,3,0,0.409,0.409,3.6,2,9.8,0.6,7.8,0.2,0.8,1,5.9,84.8,107.5
386,Naz Reid,Min,C-F,21.46,23,22.5,46.8,22.2,11,59,0.746,150,0.593,67,0.388,0.59,0.617,13,5,11.8,1.2,8.6,0.7,1.3,1.3,7.6,115.2,102.4
387,Nick Richards,Cha,C,23.2,8,2.9,6,17.9,10.4,6,0.833,6,0.5,0,0,0.5,0.637,1.4,0.6,11.6,0,0,0,0,0.13,0,,
388,Josh Richardson,Dal,G,27.41,17,32,66.6,18,10.3,41,0.927,91,0.538,92,0.304,0.497,0.547,12.9,3,5.1,2.5,11.1,0.88,0.24,1.35,5.7,108.9,109.9
389,Austin Rivers,Nyk,G,28.53,19,23,47.9,16.3,13,12,0.75,58,0.517,77,0.364,0.533,0.545,8.1,2.5,5.7,2.2,14.5,0.63,0,1.11,6.2,105.2,106.6
390,Glenn Robinson III,Sac,F,27.09,19,15.6,32.5,14.1,6.1,18,0.889,45,0.489,39,0.385,0.53,0.571,5.5,1.6,5.5,0.8,7.2,0.05,0.16,0.32,4.9,117.1,116.9
391,Duncan Robinson,Mia,F,26.81,24,33.4,69.5,15.9,13,41,0.854,32,0.531,198,0.394,0.583,0.611,12.6,3.8,6.5,1.7,7.5,0.38,0.29,1.54,5.2,105.8,109.4
392,Jerome Robinson,Was,G,23.97,12,18.3,38.2,16.2,13.9,17,0.882,36,0.361,31,0.29,0.396,0.456,5.7,2.8,7.9,1.5,10.8,0.5,0.17,1,6.3,90.7,110.1
393,Mitchell Robinson,Nyk,C-F,22.87,26,29.2,60.7,11.1,11.1,42,0.524,150,0.653,0,0,0.653,0.647,8.4,8.1,14.6,0.5,2.6,1.19,1.58,0.81,4.4,128.5,100.1
394,Isaiah Roby,Okc,F,23.02,18,20.1,41.8,17.6,12.9,32,0.719,85,0.612,29,0.31,0.575,0.601,8.6,4.7,12.1,1.3,9.8,0.67,0.67,1.06,7.5,114.8,101.5
395,Rajon Rondo,Atl,G,34.97,14,15.3,31.9,14.8,25.4,2,0.5,29,0.379,26,0.308,0.418,0.421,3.4,2.3,7.9,3.9,34.7,0.64,0.07,1.36,8.2,95.2,107.5
396,Derrick Rose,Det,G,32.35,15,22.8,47.4,29.6,12.3,50,0.84,145,0.455,39,0.333,0.465,0.517,14.2,1.9,4.8,4.2,33.5,1.2,0.27,1.93,8.5,104.3,111.3
397,Derrick Rose,Nyk,G,32.35,1,20.3,42.3,25.9,16.8,2,1,6,0.5,3,0.667,0.667,0.709,14,1,2.6,3,26.9,1,1,2,6.8,122.7,114.7
398,Terrence Ross,Orl,G-F,30.02,24,27.7,57.8,22.6,11.3,63,0.905,161,0.491,125,0.328,0.491,0.539,14.1,2.8,5.3,1.8,10.6,1.04,0.33,1.67,6,102.5,109.2
399,Terry Rozier,Cha,G,26.91,24,32.7,68.2,22.3,9,62,0.758,166,0.524,181,0.442,0.597,0.616,19.2,3.8,6.3,3,14.6,1.29,0.42,1.54,7.4,116.2,110.2
400,Ricky Rubio,Min,G,30.31,23,24.2,50.4,15.3,24.1,43,0.837,97,0.412,38,0.211,0.385,0.455,6.1,3.4,7.6,6.1,34,1.43,0,2.13,8.3,98.7,108
401,D'Angelo Russell,Min,G,24.97,20,29.2,60.7,29.5,13.4,64,0.75,178,0.449,148,0.399,0.517,0.544,19.3,2.6,4.7,5.1,29.2,1.05,0.5,2.75,8.7,104.2,113.3
402,Domantas Sabonis,Ind,F-C,24.78,25,36,75.1,25.2,15.8,137,0.686,311,0.563,70,0.371,0.562,0.591,20.9,11.6,17.7,5.4,23.2,0.84,0.44,3.32,12.2,112.9,102.8
403,Luka Samanic,San,F,21.09,4,2.7,5.6,27.6,0,2,0.5,3,0,3,0.667,0.5,0.509,1.8,0,0,0,0,0,0,0,0,,
404,JaKarr Sampson,Ind,F,27.9,11,6.5,13.5,18.5,9.9,10,0.8,20,0.5,3,0,0.435,0.511,2.5,2.4,20.1,0,0,0.09,0.27,0.27,0,104.7,100.6
405,Dario Saric,Pho,F-C,26.85,7,18.8,39.2,25.4,14.7,13,0.923,30,0.533,28,0.357,0.534,0.581,10.6,4.6,13.4,1,8.3,0.57,0.14,1.57,7.8,101.6,99
406,Tomas Satoransky,Chi,G,29.29,13,18.6,38.8,13.4,28.7,13,0.846,29,0.517,20,0.45,0.582,0.621,5.2,2.5,7.6,4.8,32.8,0.69,0.23,1.69,8.5,116.9,110.4
407,Dennis Schroder,Lal,G,27.41,26,31.5,65.7,21.4,13.4,104,0.827,220,0.491,84,0.31,0.484,0.543,14.6,3.8,6.8,4.5,20.1,0.85,0.15,2.08,8,108.7,100.5
408,Mike Scott,Phi,F,32.57,8,19.2,39.9,13.2,6.2,3,0.667,8,0.625,36,0.25,0.42,0.43,4.9,2.8,7.8,0.1,0.8,0.25,0.25,0.38,2.3,89.1,106.9
409,Collin Sexton,Cle,G,22.1,21,34.7,72.3,27.7,11.4,110,0.809,287,0.502,78,0.423,0.53,0.576,22.7,2.5,4,4.3,21.8,0.95,0.19,2.52,7.2,111.2,110.5
410,Landry Shamet,Bro,G,23.92,23,18.2,37.9,17.2,10.8,30,0.867,36,0.417,100,0.34,0.485,0.529,6.9,1.5,4.5,1.1,8,0.48,0.13,0.78,4.9,102.4,112
411,Pascal Siakam,Tor,F,26.86,22,35.7,74.3,25.1,10.8,110,0.791,275,0.52,89,0.292,0.5,0.547,20.5,7.7,11.8,4.5,20.3,1.14,0.64,2.27,10,112.4,106.7
412,Chris Silva,Mia,F,24.4,6,8.8,18.4,18.8,35.9,12,0.833,8,0.625,1,1,0.722,0.805,3.8,3,19.2,1,16.8,0.17,0.33,1.33,10.2,120.7,82.9
413,Ben Simmons,Phi,G-F,24.56,22,33,68.7,19.5,22.8,107,0.626,207,0.551,6,0.167,0.542,0.573,13.5,8.2,13.5,8,34.5,1.73,0.82,3.5,11.6,110.8,98.7
414,Anfernee Simons,Por,G,21.68,20,16.3,34,21.6,7.9,14,0.786,46,0.37,100,0.4,0.527,0.542,8.3,2.3,7.4,1.2,10.5,0.2,0.25,0.65,7,108.2,110.8
415,Deividas Sirvydis,Det,F-G,20.67,3,1,2,29.6,0,0,0,0,0,2,0,0,0,0,0,0,0,0,0,0,0,0,,
416,Marcus Smart,Bos,G,26.94,17,32.3,67.3,19.2,12.2,62,0.742,98,0.469,90,0.311,0.468,0.516,13.1,2.8,4.8,6.1,25.9,1.76,0.53,1.76,7.5,112,108.9
417,Dennis Smith Jr.,Nyk,G,23.21,3,9.2,19.2,21.8,7.3,6,0.833,6,0.333,4,0,0.2,0.356,3,0.7,3.8,1,15,1,0,0.33,5.6,83.4,93.6
418,Ish Smith,Was,G,32.6,18,21,43.8,15,13.1,15,0.4,94,0.415,19,0.263,0.412,0.414,5.5,3.6,8.9,4.7,30.3,0.78,0.22,1,8.6,100.4,114.5
419,Jalen Smith,Pho,F-C,20.91,7,6.9,14.4,17.4,5.3,2,0,10,0.4,7,0.286,0.412,0.391,2,1.4,11.4,0.3,5.8,0,0.29,0.14,5.5,93.3,109.3
420,Tony Snell,Atl,G,29.26,13,12.2,25.5,10.4,12.8,0,0,8,0.125,26,0.538,0.647,0.647,3.4,1.7,7.4,0.9,10.5,0.08,0.15,0.38,5.7,124.4,107.5
421,Cassius Stanley,Ind,G,21.49,8,2.9,6.1,18.9,9.8,5,0.8,5,0.2,2,0.5,0.357,0.489,1.1,0.4,7.1,0,0,0,0.25,0.13,0,,
422,Lamar Stevens,Cle,F,23.6,15,13.6,28.3,16.3,10.4,18,0.667,48,0.458,13,0.077,0.385,0.428,3.9,2.5,10.1,0.8,8.5,0.47,0.27,0.53,5.8,90.1,109.6
423,Isaiah Stewart,Det,F-C,19.73,22,17.3,36,13.7,14,25,0.68,90,0.5,3,0.333,0.5,0.529,5,5.3,17.1,0.6,5.6,0.45,0.91,0.77,5.8,112.4,99.5
424,Max Strus,Mia,G-F,24.87,13,13.9,28.9,15.4,4.8,5,0.6,11,0.909,46,0.391,0.649,0.65,5.9,1.2,5,0.5,5.3,0.15,0,0.23,4.4,118.7,107.3
425,Edmond Sumner,Ind,G,25.12,14,9.7,20.3,19.8,16.1,12,0.667,31,0.548,16,0.313,0.521,0.545,4.1,1.4,8.1,0.6,8.2,0.57,0.07,0.71,6.2,97.6,103.7
426,Jae'Sean Tate,Hou,F,25.29,24,26.2,54.5,14.1,14.5,38,0.711,113,0.628,47,0.319,0.584,0.605,8.9,5,10,1.6,8.8,0.79,0.71,1.25,6.3,114.3,101.6
427,Jayson Tatum,Bos,F-G,22.95,18,35.7,74.3,31.2,9.2,75,0.867,258,0.488,133,0.414,0.533,0.568,26.8,6.9,10.7,4.1,19.9,1.28,0.5,2.39,10.2,112.8,110
428,Jeff Teague,Bos,G,32.67,21,17.4,36.3,18.1,13,30,0.9,87,0.287,34,0.412,0.38,0.443,5.7,1.7,5.3,2.1,16,1.1,0.14,0.95,6.3,96.5,110
429,Garrett Temple,Chi,G-F,34.77,23,26.6,55.4,14.5,12.4,25,0.8,70,0.5,102,0.343,0.509,0.533,8.5,3,6.2,2.1,10.5,1.04,0.43,1.13,5.7,104.5,107.9
430,Tyrell Terry,Dal,G,20.37,11,5.1,10.7,15,10.4,3,0.333,9,0.556,7,0,0.313,0.318,1,0.5,5.8,0.5,14.2,0.45,0,0.18,4.9,73.3,111.2
431,Daniel Theis,Bos,F-C,28.86,23,23.7,49.3,14.3,12.7,33,0.697,95,0.674,49,0.469,0.684,0.694,9.6,5.1,12,1.3,7.9,0.52,0.91,1,6.7,128.8,103.3
432,Brodric Thomas,Hou,G,24.04,4,6.1,12.6,24.8,28.4,7,0.714,1,1,6,0.167,0.357,0.496,2.5,1,8.7,1,22.3,0.25,0.25,1,8.9,88.6,90.3
433,Matt Thomas,Tor,G,26.52,12,6.3,13.2,17.9,12.6,4,1,7,0.286,19,0.474,0.596,0.63,2.9,0.7,5.8,0.5,11.4,0.17,0,0.33,6.4,116,111.6
434,Tristan Thompson,Bos,C-F,29.92,21,22.7,47.3,14.4,13.1,44,0.636,119,0.504,1,0,0.5,0.531,7,8.4,20.5,1,5.7,0.29,0.43,1,6.9,112.9,103.1
435,Sindarius Thornwell,Nor,G,26.24,9,5.3,11.1,11.5,7.8,2,0,6,0.333,5,0.4,0.455,0.421,1.1,0.3,3.4,0.2,5.4,0.44,0,0.11,3,90.1,108.7
436,Matisse Thybulle,Phi,G-F,23.94,22,17.3,36,9,6.1,10,0.5,28,0.5,44,0.25,0.424,0.432,3,1.4,4.3,0.7,5.3,1.45,0.86,0.23,3.3,96.8,99.2
437,Xavier Tillman,Mem,F,22.08,15,21.5,44.8,15,8.8,14,0.786,81,0.593,17,0.235,0.551,0.571,7.9,4.9,12.3,1.7,11.3,0.93,0.73,0.67,7.5,118.3,101.5
438,Obi Toppin,Nyk,F,22.94,16,11.7,24.3,18.6,11.5,10,0.7,36,0.583,29,0.276,0.508,0.526,4.6,2.5,11.3,0.5,6.7,0.19,0.38,0.56,6.1,99.6,104.5
439,Juan Toscano-Anderson,Gol,F,27.84,12,21.2,44.1,10.9,16.8,8,0.5,33,0.636,18,0.5,0.676,0.669,6.1,5,12.3,2.1,13.4,0.5,0.67,0.92,7.5,121.3,102.2
440,Karl-Anthony Towns,Min,C-F,25.24,5,32.5,67.8,26.3,12.7,25,0.96,55,0.527,23,0.348,0.526,0.596,21.2,12,19.6,4,20.3,0.6,2.2,2.6,12.4,117.5,106.8
441,Gary Trent Jr.,Por,G-F,22.07,21,28.8,60,19.8,4.3,24,0.708,109,0.394,149,0.43,0.539,0.549,14,2.1,3.8,1.4,7.2,0.67,0.19,0.57,4.8,112.8,116.9
442,P.J. Tucker,Hou,F,35.77,24,30.3,63.1,7.8,18.1,15,0.8,37,0.486,65,0.338,0.5,0.525,4.8,4.5,7.9,1.5,6.3,0.88,0.58,1,4.2,102.4,102.7
443,Myles Turner,Ind,C-F,24.89,23,31.2,65.1,17,12.4,70,0.757,113,0.664,103,0.33,0.583,0.618,13.3,6.6,11.7,1,4.6,1.17,3.48,1.52,5.7,112.3,101.6
444,Jonas Valanciunas,Mem,C,28.77,15,27.2,56.6,23.4,15.6,63,0.778,144,0.583,18,0.333,0.574,0.619,15.7,11.1,22.2,1.9,10.8,0.8,1,2.33,10.2,115.3,98.5
445,Denzel Valentine,Chi,G,27.24,20,19,39.6,19,6.4,2,1,64,0.453,95,0.389,0.531,0.535,8.6,3.8,11,1.8,13.4,0.8,0.05,0.55,8.2,108.5,108.4
446,Jarred Vanderbilt,Min,F,21.86,23,19.1,39.7,13.6,16.2,45,0.489,97,0.608,2,0.5,0.611,0.602,6.2,5.9,16.5,1.9,14.1,1.09,0.7,1,8.6,117.1,103
447,Fred VanVleet,Tor,G,26.96,25,36.2,75.5,23.8,9.9,94,0.904,197,0.457,216,0.38,0.516,0.562,20.4,4.3,6.5,6.4,27.5,1.76,0.68,2,9.1,117.3,110.5
448,Devin Vassell,San,G-F,20.47,24,18,37.5,14,8.5,21,0.857,61,0.41,59,0.407,0.508,0.542,5.8,3.4,9.7,1,7.8,1.17,0.33,0.5,6,108.8,103.5
449,Gabe Vincent,Mia,G,24.66,15,17.8,37,22.4,13.5,17,0.882,42,0.524,66,0.258,0.44,0.476,7.3,1.3,4.2,1.7,14.6,0.47,0.07,1.2,5.7,90.1,103.7
450,Noah Vonleh,Bro,F,25.47,2,2.2,4.6,9.8,100,0,0,0,0,0,0,,,0,0,0,0,0,0,0,0.5,0,,
451,Nikola Vucevic,Orl,C,30.3,25,33.4,69.7,28.3,7.4,61,0.803,330,0.512,157,0.414,0.547,0.566,23.3,11.5,17.9,3.4,19.6,1.08,0.6,1.64,11.6,114.4,106.8
452,Dean Wade,Cle,F-C,24.23,20,8.6,18,13,17.3,2,1,14,0.357,28,0.321,0.44,0.455,2,1.1,7.1,0.5,7.2,0.25,0.1,0.45,4.8,86.4,108.3
453,Moritz Wagner,Was,F-C,23.8,10,13.7,28.4,14.2,6.4,18,0.667,24,0.75,12,0.333,0.667,0.683,6,3.5,13.6,0.9,9.5,0.4,0.3,0.3,7.8,134.7,96.1
454,Lonnie Walker IV,San,G-F,22.16,23,27.3,56.9,18.4,8.5,33,0.788,130,0.423,102,0.363,0.476,0.501,10.7,3.1,5.8,1.7,9,0.52,0.39,1,5.6,97.1,106.9
455,Kemba Walker,Bos,G,30.77,10,27.4,57.1,28.1,8.9,27,0.889,80,0.375,72,0.306,0.414,0.458,15,3.5,7.1,4.3,23.4,1.1,0.2,1.6,8.9,101,111.2
456,John Wall,Hou,G,30.43,15,30.2,63,29.2,15.1,63,0.746,155,0.497,81,0.358,0.511,0.546,19.2,3.7,6.5,6,33.6,0.87,0.73,3.13,10,105.1,109.3
457,Brad Wanamaker,Gol,G,31.55,25,16.3,34,14.7,15.6,35,0.857,62,0.419,42,0.238,0.394,0.469,4.5,1.8,5.7,2.6,21.1,0.84,0.12,0.88,6.8,101.2,104.6
458,T.J. Warren,Ind,F,27.44,4,29.4,61.1,21.9,6.7,10,0.8,44,0.614,7,0,0.529,0.56,15.5,3.5,6.6,1.3,6.6,0.5,0,1,5.6,106.8,102.7
459,P.J. Washington,Cha,F,22.47,24,28.8,60,19.1,15.9,65,0.738,152,0.467,79,0.329,0.476,0.516,11.2,6.5,12.2,3,15.1,0.88,1.29,2.04,8.4,101.8,104.6
460,Yuta Watanabe,Tor,G-F,26.33,18,12.4,25.8,12,12.8,8,1,23,0.261,28,0.429,0.471,0.514,3.1,3.3,14.5,0.4,4.2,0.5,0.61,0.44,5.2,106.7,105.3
461,Tremont Waters,Bos,G,23.09,7,12,24.9,20.3,30.3,6,0.833,14,0.214,11,0.273,0.3,0.362,2.9,1,4.6,3.1,33.4,0.71,0,1.71,6.9,80.8,108.9
462,Paul Watson,Tor,G,26.12,12,3.3,6.8,14.1,7.7,0,0,3,0.333,9,0.667,0.833,0.833,1.7,0.7,11.2,0.1,3.9,0,0.17,0.08,6,,
463,Quinndary Weatherspoon,San,G,24.42,4,3.5,7.2,24.3,63.5,2,1,2,0,0,0,0,0.347,0.5,0.3,3.7,0.8,25.2,0.25,0,1.25,5.6,,
464,Russell Westbrook,Was,G,32.25,15,33,68.7,31,19.7,81,0.667,195,0.441,67,0.343,0.46,0.496,19.7,9,14.5,8.9,42.3,0.8,0.4,4.87,14.1,97.4,108.8
465,Coby White,Chi,G,20.99,24,33.4,69.6,21.8,14.3,54,0.87,167,0.443,163,0.362,0.492,0.526,15.5,4.7,7.8,5.4,22.7,0.38,0.13,2.46,8.8,104.2,110.7
466,Derrick White,San,G,26.61,6,24.2,50.3,22.4,9.3,6,0.833,33,0.394,33,0.273,0.402,0.422,9.7,1.7,3.6,3.8,22.5,0.5,1.17,1.17,6.6,90.5,108
467,Hassan Whiteside,Sac,C,31.67,17,14.1,29.4,21.9,12.2,44,0.523,88,0.568,1,0,0.562,0.568,7.2,5,19.1,0.4,4.4,0.29,1.18,0.88,6.9,108,104.8
468,Andrew Wiggins,Gol,F,25.97,25,31.9,66.5,23,8.5,84,0.667,234,0.513,126,0.373,0.529,0.55,17.5,4.7,7.6,2.2,10.5,0.64,1.28,1.48,7.1,105.3,107.5
469,Robert Williams III,Bos,C-F,23.32,18,14.9,31,14.7,20.8,17,0.765,64,0.734,1,0,0.723,0.738,5.9,5.4,20.3,0.7,6.5,0.89,1.17,1.06,7.6,128.8,101
470,Grant Williams,Bos,F,22.2,20,19.3,40.2,13.7,15.5,27,0.519,44,0.455,48,0.458,0.576,0.578,6,3.3,9.4,0.9,5.9,0.45,0.45,0.95,5.4,109.2,100.2
471,Kenrich Williams,Okc,G-F,26.2,24,16.6,34.6,13.7,13.5,16,0.625,72,0.597,30,0.433,0.613,0.619,5.6,3.4,10.7,1.3,11.1,0.71,0.21,0.71,7,121,104.3
472,Lou Williams,Lac,G,34.29,24,20.8,43.3,25,12.1,67,0.866,155,0.426,63,0.397,0.475,0.535,11,2.3,6.2,3.3,23.3,0.83,0.08,1.42,8.4,110,109.7
473,Zion Williamson,Nor,F,20.6,23,32.4,67.4,27.7,11.6,173,0.699,340,0.609,12,0.333,0.605,0.639,23.8,7,11.8,2.9,15.3,0.96,0.74,2.43,9.7,122,107.6
474,Patrick Williams,Chi,F,19.46,23,27.3,56.9,16.6,14.2,50,0.8,136,0.493,53,0.396,0.521,0.562,10.3,4.4,8.9,1,5.2,0.78,0.65,1.52,5.2,102.7,108
475,D.J. Wilson,Mil,F,24.98,10,9.4,19.7,18.6,9.6,2,0.5,14,0.429,23,0.348,0.486,0.488,3.7,2.2,12.3,0.3,4,0.1,0.3,0.4,5.7,95.4,100.3
476,Dylan Windler,Cle,G-F,24.39,13,16.6,34.5,14.6,20.7,15,0.867,18,0.833,33,0.303,0.588,0.634,5.6,3.4,11.3,0.9,8,0.69,0.54,1.15,6.2,107.4,107.5
477,Cassius Winston,Was,G,22.95,6,7.3,15.2,11.2,8.4,2,1,3,0.333,7,0.429,0.55,0.597,2.2,0.7,4.8,1,17.9,0,0.17,0.17,6.3,127,113.4
478,James Wiseman,Gol,C,19.87,20,20.9,43.6,25.6,12.6,61,0.623,173,0.514,22,0.409,0.526,0.548,12.2,6.1,15,0.7,5.4,0.4,1.3,1.6,7.1,99.6,96.3
479,Robert Woodard II,Sac,F,21.39,6,2.9,5.9,32.1,7.8,2,0,8,0.625,3,0.333,0.591,0.547,2.2,1.3,25.3,0,0,0,0,0.17,0,,
480,Christian Wood,Hou,F,25.38,17,31.2,65,26.3,9.5,64,0.688,191,0.613,76,0.421,0.618,0.634,22,10.2,17.3,1.3,7.6,0.94,1.53,1.82,8.5,116,102.6
481,Delon Wright,Det,G,28.8,24,28.4,59.1,15.8,11.6,65,0.754,131,0.466,62,0.355,0.487,0.535,9.9,4.5,9,4.9,26,1.46,0.5,1.21,8.5,117.2,111.1
482,Thaddeus Young,Chi,F,32.64,20,25.6,53.4,18.4,17.5,27,0.481,152,0.638,20,0.25,0.608,0.604,11.1,5.4,11.6,4.4,24.9,1.35,0.5,1.95,10,118.2,104.3
483,Trae Young,Atl,G,22.4,22,34.8,72.5,32.6,15.8,226,0.889,255,0.447,141,0.369,0.485,0.59,26.6,4.2,6.4,9.5,45.4,0.73,0.32,4.23,11.7,117.5,109.6
484,Cody Zeller,Cha,F-C,28.35,13,24.2,50.4,17.1,7.1,27,0.741,90,0.544,15,0.133,0.495,0.53,9.5,7.6,16.9,2.6,15.9,0.77,0.62,0.69,9.5,120,102.3
485,Ivica Zubac,Lac,C,23.9,26,19.5,40.5,14.8,15.3,60,0.85,116,0.655,1,0,0.65,0.708,7.8,6.6,19.1,1,7.5,0.38,0.88,1,7.6,136.3,99.3
